sourceId,destId,length
962,413,2.6674050890643897
649,1184,9.53491915450548
1744,720,5.54836811026759
862,250,1.73800818594006
61,139,1.0990143080659
1198,496,11.8672119377369
1730,319,1.17647508251223
708,107,8.735108278380679
402,705,0.818782784193107
399,842,2.1883210711238696
1265,748,6.28603967017478
227,218,0.676257719003781
148,754,3.00036668872004
1274,873,7.43172118425392
364,628,2.98065681042941
726,1063,2.8097577882607
82,404,9.351732190184642
546,1066,1.23008126484986
151,906,5.93968645843813
139,864,2.1160331207332903
798,291,5.24895816130638
896,1043,1.93451963935651
272,897,6.27460580365419
672,457,1.7378342243873102
246,807,3.12320672878648
410,954,2.09092858346933
1254,1207,5.329023676972319
1062,894,3.2014846822609
733,835,2.5049803987003303
77,504,37.470507435600396
1670,184,6.5687826216856005
191,383,1.2264929316283102
1091,1206,4.84601460381176
562,835,4.79831140336085
535,920,3.67137828361112
243,488,1.27976700974966
672,572,3.29030153888745
459,1097,0.758586483166945
2089,455,47.9414990475186
402,361,4.07660302793387
380,1761,1.5342452647775302
751,634,4.36313296194644
1761,380,1.5342452647775302
195,501,2.25671910194005
1348,565,3.4859826650309
748,1073,7.1164345671951
216,221,0.943358352388166
319,1265,8.25105720206281
220,455,51.9628343764362
1184,66,7.34691525359177
337,540,1.63144968763091
210,1261,10.298889740699
169,958,5.86332320082063
559,360,3.85929022620632
366,438,2.8839986181002
870,515,1.55282376699507
726,31,5.8893038830044695
2011,27,4.99000023867114
415,504,9.92565325872752
742,578,1.28115577821496
2011,208,8.09471270238334
77,121,13.093790113796901
519,169,3.5726006816179403
259,281,2.6836630976197497
261,366,2.07162275597765
401,619,1.8992367711934202
105,106,2.38045609791264
345,235,4.76032997522386
873,1076,2.34704192749606
810,1245,12.875823704371
715,567,3.31752918434491
791,612,8.23495978576169
458,1182,4.67376062511729
1061,1350,15.9180619016336
325,810,17.264923933033398
619,401,1.8992367711934202
1666,899,1.47197082157592
929,210,21.8978620148835
325,1663,1.72877070005934
104,6,1.1578295747566698
810,325,17.264923933033398
790,391,3.8597610448828
919,768,3.86866638578236
1261,210,10.2988897406991
493,1230,1.9312125727601799
673,201,4.28344861669418
1979,1768,0.778884242355081
317,1212,12.298373367423402
554,1232,3.05521769618177
221,1767,2.97620666210048
1157,992,2.58324913573318
1034,1187,7.84646394155818
685,474,1.25201773339745
327,647,12.6886138468579
750,840,13.8677493611185
1059,458,3.78825075214971
744,1139,2.0753576163042498
1125,16,1.79604370104547
38,61,3.7473550467650396
221,216,0.943358352388166
1843,1248,2.5421946212302102
192,977,3.89283715218467
583,952,1.86747046876375
363,574,4.5987329060991895
507,1242,3.52628096662913
764,1839,20.961412149767998
1067,2011,1.6812477866121802
1021,415,2.2895347048273003
726,208,5.77253291027571
1189,1149,3.38746842758513
979,1034,2.64990965067755
1113,510,4.02315069741812
6,701,4.87963594888531
644,590,2.41077382751372
37,139,2.22166116612982
908,920,3.7061675368328704
805,707,5.97543763202848
336,732,9.639366332510521
136,8,2.92134601367045
61,38,3.7473550467650396
1031,148,1.80135439586103
391,784,2.2052181591122797
418,489,5.65674918607321
1151,157,10.481805303215701
1230,507,2.38385647649375
470,1151,5.92181689636024
521,1048,2.90185289336519
736,1149,5.20357896875232
782,77,2.34229208786649
957,956,0.853194387849495
801,100,2.77336160462047
457,672,1.7378342243873102
8,797,4.6223638930631
400,1009,1.69718966349131
212,166,11.7415975823228
259,258,1.33247620523115
732,142,6.94008005628894
700,392,0.940344439715458
342,205,5.7457269919803
814,541,3.59507362650207
504,591,2.87907424194344
1168,414,0.913443737535838
1256,601,2.66866093009551
1107,1198,1.29718335708578
106,105,2.38045609791264
157,1151,10.481805303215701
1255,329,7.5141961574247
1079,316,1.1590775910472801
1060,1253,2.57729646558143
962,250,2.3463443377611304
1067,401,5.535939384887319
958,169,5.86332320082063
221,227,5.59752988333056
66,1184,7.34691525359177
733,470,7.21386401964768
287,1043,4.465825097347589
572,672,3.29030153888745
590,866,2.0915590842501603
1278,1084,34.5186094345234
318,725,2.01733521925494
791,259,3.31910776126506
920,535,3.67137828361112
203,738,4.74825996778155
31,715,66.2199129490685
798,961,13.2194557277946
27,208,5.25075948968621
1261,1152,7.9836934878512
16,392,2.7331826844654503
1198,70,2.0639221932701997
585,1139,3.24824855788172
147,288,2.31772383066874
221,1979,3.81848270295848
736,404,3.51671691262813
504,77,37.4705074356006
9,1238,6.32441236336817
504,220,13.4121787595619
1058,1253,3.7556049826404503
128,591,3.15820688728573
989,77,4.84941228367382
791,793,3.1288480993104
1767,227,5.68193225848343
1061,326,10.054659167573
815,447,5.57760306965422
447,822,2.61148765019315
822,455,4.44445906948192
155,1202,2.1289140919369003
2089,223,5.74352256405749
1063,971,3.50638585906561
977,192,3.89283715218467
567,941,4.27256433370117
684,1213,13.800926954126501
320,351,4.81092171837891
578,742,1.28115577821496
1082,954,2.49620838192776
824,189,1.6506849367613199
730,562,3.91753917842682
277,996,4.10346058199586
1136,201,2.04694201280507
801,617,5.9602406037975895
895,789,7.92501290261934
1207,1254,5.329023676972319
523,19,6.49428614587748
371,369,1.33171435080629
105,1056,2.2371026977688198
139,863,2.13768423234237
257,704,1.31814255121291
31,726,5.8893038830044695
510,277,4.9118647540091
539,637,1.61098002352575
1152,724,4.78074361924811
192,1128,3.6080933722683697
822,815,2.96888218067864
971,619,0.978975131183195
1839,764,20.961412149767998
1663,325,1.72877070005934
1056,105,2.2371026977688198
897,272,6.27460580365419
1663,191,1.42148073152001
1017,977,3.1703711852937397
78,1841,2.94977113461446
725,378,1.40213173817226
553,715,4.791191590417959
258,747,3.06253802443037
1149,1189,3.38746842758513
75,287,2.90683407644085
136,518,3.72263966424408
488,328,2.20379730908584
1154,427,2.84953457051014
221,1048,2.52527122155048
1206,1091,4.84601460381176
1266,621,4.3573054346366
791,258,3.51008740834707
642,337,1.5643771584608301
110,367,2.56116170417345
1768,1979,0.778884242355081
619,971,0.978975131183195
938,319,2.88198721034914
991,171,2.60685874144961
395,289,3.04873913071683
1744,862,4.36282071628155
1061,523,10.5590895712521
1135,629,0.983034769606415
726,1202,16.194784797946802
360,504,15.5764354466686
227,1767,5.68193225848344
1979,227,6.52420829934143
139,64,3.57933980977918
570,64,4.286287964230549
121,77,13.093790113796901
841,74,3.1887706818953303
25,262,1.0121663560788499
924,436,6.157885737165611
414,1168,0.913443737535838
996,84,7.84258022087287
1226,382,5.92286698048543
486,572,1.4372609548952
438,255,1.83128787667431
673,784,6.89538028197813
1235,820,5.26623802006681
401,705,1.29778999764382
130,449,12.165550420004
477,1185,11.4247572670028
502,1841,4.6233676632586205
974,996,4.03770507288899
563,568,1.6725142134553301
220,815,44.9394686380585
427,1154,2.84953457051014
1368,899,8.684387215063952
708,143,3.85702347648524
715,553,4.791191590417959
923,910,2.96200137227107
151,819,1.95633230834169
106,1274,3.62273157968346
412,744,4.77980314847274
1666,750,7.88020701392755
171,991,2.60685874144961
649,520,5.04642023556063
177,863,3.90732454865703
363,1224,2.317992142068
826,1761,2.3689521624153898
455,815,7.41057448894299
723,146,12.0822139473706
1265,319,8.25105720206281
541,187,5.98940128980416
371,1093,2.04868879110638
821,933,3.49900637920167
821,841,2.45542483750497
58,30,6.93003060518226
810,219,15.306330633810099
954,410,2.09092858346933
413,791,6.3681835663348005
562,730,3.91753917842682
1081,742,3.1662736078315
266,267,3.44558844559281
38,764,1.33030548437577
201,1744,5.10935467960376
288,514,2.3982509336011897
1097,423,6.096324554447641
404,747,8.269628470184351
457,997,1.8764698244967601
815,223,46.6615215519496
434,351,3.54602621727027
566,574,3.44219199614579
726,27,3.00141033913587
723,752,9.34092778399956
351,434,3.54602621727027
1245,810,12.8758237043709
1238,553,9.66916595293485
768,286,5.51354406189795
751,781,4.63667129087943
710,583,1.12282754151906
1005,724,8.69129447170781
1979,221,3.81848270295848
611,895,2.6692754969152004
1005,606,6.85973588542648
1150,432,2.1968143403725797
896,313,3.51192077469265
187,132,2.59345466868338
336,644,4.82110815201205
532,257,6.01740388047074
899,1666,1.47197082157592
1213,684,13.800926954126501
579,375,1.1871316938918701
635,732,4.34748886097368
325,1260,2.04855390115139
250,862,1.73800818594006
630,637,1.1693627786521599
1768,223,1.76223482754087
1157,1185,11.9663248395352
1272,348,4.80271084601572
647,724,5.96108641602288
472,767,2.98028620030779
1088,1128,8.07037132503377
107,840,4.86503629676836
1232,199,2.9683843944033
148,1031,1.80135439586103
1195,1151,21.773670616596903
1270,1134,2.94476642881768
793,259,4.03464710886593
907,199,5.85481554905203
615,848,4.37072261207732
367,110,2.56116170417345
424,406,2.4725597671145203
906,151,5.93968645843813
1202,208,18.6164585037457
1229,820,5.17075143025056
810,1048,19.832521382104797
574,871,3.3449626439264297
494,345,2.46808674210651
916,219,2.73069732868316
1085,1274,6.51671151668658
364,462,3.03184537688916
982,446,5.73752216531307
318,600,1.89724377723968
235,110,1.3335925030828
1167,1168,1.27315785190399
380,1912,1.49364064587464
521,325,1.95899721866755
243,621,3.17825665118003
621,1266,4.3573054346366
632,539,6.08510278811939
1145,10,6.40420595217736
1350,1231,6.09047333648202
318,365,3.39220447147905
479,970,3.18330500127959
409,146,20.2909262243548
404,82,9.351732190184642
1102,118,2.29071637447212
155,31,3.47520872050516
75,405,2.87159718009464
520,649,5.04642023556063
1194,502,16.6111227739425
132,9,5.27493276125206
742,1167,2.2781844992225904
138,1073,1.63925546433243
1186,367,2.20819375005045
810,1663,16.6184491428358
961,1254,7.87047775929169
566,190,2.83576825819117
218,1973,0.96288367055149
331,1180,7.384996741158919
563,1130,1.37698764778239
784,471,4.44363329589168
530,361,6.00020141703953
319,1730,1.17647508251223
455,223,53.6848872903273
685,860,2.11065015153601
1159,421,2.7822231357384397
936,252,1.49874937517703
1084,1278,34.518609434523505
258,793,4.225626755947951
1048,1663,6.07378227789177
1043,896,1.93451963935651
1174,553,2.7409654776001897
911,919,7.71498437129624
961,798,13.2194557277946
705,402,0.818782784193107
167,261,1.6344184116429201
1226,1195,29.667058347973402
436,840,9.09240953433115
827,579,1.47795494158508
811,810,1.50627171557316
16,1125,1.79604370104547
258,791,3.5100874083470797
601,1059,1.63169265108409
229,1192,2.0856446780595403
535,1136,2.93629414907999
110,235,1.3335925030828
820,1229,5.17075143025056
956,1177,3.95175393295989
617,418,3.23090342249126
863,877,2.54831275631972
1125,82,2.56947052827892
363,1192,4.19576877038589
628,364,2.98065681042941
1182,432,3.5016461789054203
1146,1176,7.3744483134838505
559,1150,2.01737848761227
819,1084,33.8572847340224
30,58,6.93003060518226
715,1238,9.01294226077748
725,220,20.0048996892178
84,996,7.84258022087287
220,2089,4.02146965016618
815,220,44.9394686380583
1192,1048,7.017952647271141
523,636,4.99949863351647
604,606,3.05362738054106
327,1181,15.182164105215499
862,1744,4.36282071628155
1056,860,1.7538708681514
810,1224,4.736951278110561
313,610,2.98044454484968
824,1081,1.00327391321572
919,911,7.71498437129624
102,319,3.75975101673125
434,1272,2.45163376229098
378,725,1.40213173817226
550,1160,5.0293910757206
183,1219,1.80481717228469
1066,905,1.85137330615605
931,127,5.83862609468763
227,1979,6.524208299341439
6,365,3.0594797629027997
215,216,0.8325454103390819
807,246,3.12320672878648
84,992,23.9314891214335
27,2011,4.99000023867114
447,455,4.39011525596125
567,715,3.31752918434491
568,1274,4.13929815688898
868,560,3.51888751713172
319,938,2.88198721034914
818,114,8.6254184264816
318,815,23.234910898794002
9,686,3.73152401946613
1021,759,3.37992084527007
384,1146,6.3079732907403905
127,931,5.83862609468763
1912,380,1.49364064587464
118,1102,2.29071637447212
572,486,1.4372609548952
1090,19,11.2556227761405
232,504,2.45016354764297
518,682,2.93200486368439
591,504,2.87907424194344
644,732,6.28232320895416
139,37,2.22166116612981
801,788,3.14992625492155
1017,188,2.73383720640504
455,335,4.20719003568979
629,957,2.66680306405604
262,25,1.0121663560788499
368,1174,3.44921306312771
1102,592,1.1808527153497
911,738,5.6945674923389396
1350,523,8.11889817661126
634,751,4.36313296194644
1048,810,19.8325213821049
895,611,2.6692754969152004
1160,550,5.0293910757206
247,209,1.68391618472181
707,247,3.77635082246385
157,184,16.139627207405198
1973,218,0.96288367055149
1081,824,1.00327391321572
22,24,2.4146869537835802
1226,825,8.34312238025496
863,139,2.13768423234237
1141,501,1.5672014099493998
1097,459,0.758586483166945
219,325,7.06166500407667
171,1213,2.82377476097421
628,707,3.45550373911328
825,1226,8.34312238025496
578,1079,2.1774712695498804
1230,493,1.9312125727601799
74,841,3.1887706818953303
24,592,4.27848800719017
612,133,2.80713265543637
331,1226,4.86194828782386
1079,578,2.1774712695498804
1979,1048,3.3703764603252697
1088,906,3.24817919939992
894,789,2.82967861853197
815,455,7.41057448894299
602,973,10.1349721111696
815,2089,40.9181333091406
61,37,1.94803732230261
812,826,1.6916482767207999
438,754,2.9981827733687703
754,148,3.00036668872004
732,177,5.86154367791134
58,352,1.7841754461744699
1255,472,4.04297430151845
210,931,5.70287125462335
1087,328,2.76324682227273
220,504,13.4121787595619
1224,363,2.317992142068
504,232,2.45016354764297
70,1198,2.0639221932701997
748,130,7.73170875151176
1185,477,11.4247572670028
684,1090,11.3029201226855
797,8,4.6223638930631
1278,819,2.5465051408215498
840,750,13.8677493611185
520,1212,8.82800046018578
954,1082,2.49620838192776
27,1147,6.773363041472391
77,989,4.84941228367382
189,1912,0.922614517461714
501,1141,1.5672014099493998
212,540,15.188696942557801
219,1260,2.7166452474619502
496,1198,11.8672119377369
77,719,11.9913771722272
767,472,2.98028620030779
936,762,6.35155414175685
706,504,2.37905195040345
219,916,2.7306973286831697
924,554,6.04101965088922
502,1194,16.6111227739425
1181,643,1.21842429949905
455,2089,47.9414990475183
1067,402,4.698579482904409
423,1135,1.38166837331015
532,100,9.32411571935758
975,936,2.87523894227314
64,570,4.286287964230549
169,519,3.5726006816179403
819,151,1.95633230834169
742,1081,3.1662736078315
725,223,21.7269526031091
906,1088,3.24817919939992
392,700,0.940344439715458
201,1136,2.04694201280507
592,24,4.27848800719017
822,447,2.61148765019315
147,976,2.60549807265321
1274,568,4.13929815688898
743,1262,3.99772472835066
329,1255,7.5141961574247
612,259,9.14075879531722
719,77,11.9913771722272
24,22,2.4146869537835802
1226,331,4.86194828782386
643,13,3.66936172376233
1202,155,2.1289140919369003
554,1144,8.14124138243421
868,649,12.730555237484198
1177,956,3.95175393295989
815,318,23.234910898794002
686,132,5.73840528233896
146,723,12.0822139473706
730,728,1.12211406370089
767,611,10.3122831024572
167,855,2.71667347110058
391,673,6.89358614426021
231,781,2.1622608464621
2011,1067,1.6812477866121802
958,246,4.9561658557836
523,1350,8.11889817661126
815,654,2.91830320959673
449,447,2.315575810855
1253,1060,2.57729646558143
455,220,51.96283437643601
58,764,2.0413438005841997
404,736,3.51671691262813
415,1021,2.2895347048273003
375,579,1.1871316938918701
278,602,12.782097156812801
1207,976,1.36798638191595
480,249,5.18020271234475
1195,208,13.0097613364015
809,620,7.37786847483701
1226,1151,46.129012917464806
215,217,0.789979517572293
12,458,4.822783016219001
1229,278,3.58153729811929
939,1076,7.50625275272035
997,975,2.56976699140769
132,686,5.73840528233896
938,1060,3.8163107819225
868,604,22.381145536699
1260,219,2.7166452474619502
210,929,21.8978620148835
612,258,9.33173844239923
107,708,8.735108278380679
590,644,2.41077382751372
30,1084,4.51531490007701
782,832,2.7972644463620298
1767,1048,2.52810041946727
1151,470,5.92181689636024
212,210,3.12230384618844
128,837,2.35567068504075
1087,1131,2.92546046428619
523,324,7.12542068250409
352,58,1.7841754461744699
223,220,3.69516481897967
289,252,1.57165718651297
347,910,2.93889446771948
601,1256,2.66866093009551
183,486,4.33216375320699
142,732,6.94008005628894
1234,1058,2.79693611845541
1134,1270,2.94476642881768
554,924,6.04101965088922
1081,837,2.8057816292194997
732,635,4.34748886097368
1213,171,2.82377476097421
841,821,2.45542483750497
289,395,3.04873913071683
995,1031,3.43607233760005
793,791,3.1288480993104
1195,1226,29.667058347973402
1198,1107,1.29718335708578
412,664,1.8562334767866902
335,682,5.679393221149811
287,75,2.90683407644085
574,566,3.44219199614579
337,642,1.5643771584608301
471,784,4.44363329589168
259,612,9.14075879531722
421,901,1.5871855508040902
1131,1087,2.92546046428619
1128,1088,8.07037132503377
1248,449,5.1311386402896
345,494,2.46808674210651
743,212,8.12386054599448
1744,673,2.71109875458321
405,897,1.61504173907981
1761,1912,1.14022598015542
1202,27,15.5117460400336
620,809,7.37786847483701
871,566,2.29580156619449
435,480,7.70515278063239
1266,74,5.50058853401637
1262,743,3.99772472835066
807,35,4.02353527906653
19,1090,11.2556227761405
126,435,21.267678984642302
877,590,1.89757846538772
1278,64,5.64438228154816
1084,352,1.74372573601558
837,128,2.35567068504075
13,643,3.66936172376233
2089,815,40.918133309140906
68,410,0.994703183928227
383,812,1.6109871874625001
1235,160,3.3658791926419798
848,422,6.5227244547183
732,644,6.28232320895415
1841,78,2.94977113461446
826,812,1.6916482767207999
715,31,66.2199129490686
1206,346,4.0324086861153905
402,1067,4.698579482904409
565,1348,3.4859826650309
923,600,2.4171668333134697
835,733,2.5049803987003303
699,1730,2.3003490027805302
208,726,5.77253291027571
992,84,23.9314891214335
35,1154,7.2612582506648895
1084,30,4.51531490007701
732,336,9.639366332510521
1238,715,9.01294226077748
203,1218,3.4710712908925
1147,827,3.12235851097456
793,258,4.225626755947951
523,1061,10.5590895712521
37,61,1.94803732230261
348,939,2.83846913578377
1144,554,8.14124138243421
336,1083,2.33836179671462
956,901,5.329885825221201
786,496,7.1196425169536495
970,479,3.18330500127959
699,542,2.36571458561635
342,1092,7.84950380215507
1144,1161,9.70777400645152
399,1202,2.4397766370117804
160,1235,3.3658791926419798
895,400,5.16293778370442
805,628,3.81738305143773
281,263,4.25692022595131
542,699,2.36571458561635
1224,810,4.736951278110561
67,1256,1.2952106352267798
560,427,12.3333024539848
316,1218,2.88559759829687
6,104,1.1578295747566698
187,541,5.98940128980416
1232,554,3.05521769618177
414,220,3.17043549932059
130,748,7.73170875151176
100,532,9.32411571935758
976,1207,1.36798638191595
267,1159,3.58227557418227
541,814,3.59507362650207
286,1018,2.17882448001213
139,177,5.84558194223341
1018,286,2.17882448001213
1147,27,6.773363041472391
553,1238,9.66916595293485
754,438,2.9981827733687703
705,401,1.29778999764382
360,559,3.85929022620632
313,896,3.51192077469265
975,997,2.56976699140769
405,75,2.87159718009464
957,629,2.66680306405604
447,815,5.57760306965422
1274,106,3.62273157968346
1073,748,7.1164345671951
1223,153,1.17802786930241
1128,192,3.6080933722683697
1245,977,5.25433700034547
153,1223,1.17802786930241
1009,400,1.69718966349131
1663,219,6.41519021387917
1167,742,2.2781844992225904
395,692,1.46279708493928
1194,409,24.777121851737
848,615,4.37072261207732
637,630,1.1693627786521599
1177,1180,0.864574182428276
382,1226,5.92286698048543
120,1223,1.46070967937092
606,604,3.05362738054106
611,767,10.3122831024572
747,404,8.269628470184351
432,1150,2.1968143403725797
177,732,5.86154367791134
539,632,6.08510278811939
719,1154,18.8057555010317
30,819,30.1031691937065
933,821,3.49900637920167
232,759,1.8015984144312098
1154,719,18.8057555010317
249,480,5.18020271234475
574,363,4.5987329060991895
894,1062,3.2014846822609
968,489,10.3528538953018
1059,601,1.63169265108409
1068,701,2.34405051921528
636,184,4.14080312611445
77,782,2.34229208786649
1253,1058,3.7556049826404503
871,574,3.3449626439264297
1048,1767,2.52810041946727
209,832,1.5782165296289699
1062,262,4.14384700438492
591,128,3.15820688728573
664,412,1.8562334767866902
706,1160,2.86971461229117
188,1017,2.73383720640504
936,975,2.87523894227314
644,336,4.82110815201205
725,318,2.01733521925494
768,919,3.86866638578236
209,247,1.68391618472181
636,1061,12.7986623585389
319,102,3.75975101673125
1090,684,11.3029201226855
941,567,4.27256433370117
1843,1091,3.18706027043334
328,1087,2.76324682227273
864,139,2.1160331207332903
37,764,3.02424434939072
259,791,3.31910776126506
1150,559,2.01737848761227
361,402,4.07660302793387
673,1744,2.71109875458321
1168,1167,1.27315785190399
647,327,12.6886138468579
1182,458,4.67376062511729
1034,979,2.64990965067755
415,220,3.42079482176169
724,1152,4.78074361924811
118,25,7.41705407778493
819,58,36.2720004391276
866,590,2.0915590842501603
840,107,4.86503629676836
335,455,4.20719003568979
768,970,2.3339924219211396
507,1230,2.38385647649375
908,848,2.23928850951676
1761,1219,1.11742968259562
249,951,1.84270365802114
818,788,9.75392973469474
902,1092,5.3183000703918895
819,30,30.1031691937064
895,995,5.95509263549377
223,725,21.7269526031091
278,1229,3.58153729811929
121,360,9.098335852784931
272,704,3.11462254438189
723,968,13.281629809819501
250,962,2.3463443377611304
227,221,5.59752988333056
114,185,3.35742084187726
602,278,12.782097156812801
1744,201,5.10935467960376
540,743,12.1229009538366
654,815,2.91830320959673
726,2011,5.673038996584349
1068,1058,3.44278611719614
1093,371,2.04868879110638
570,546,5.35583137427149
1048,1192,7.017952647271141
67,347,1.92040581342835
255,809,5.4858892630526395
1093,664,2.04945137397069
583,710,1.12282754151906
553,1174,2.7409654776001897
606,1005,6.85973588542648
901,421,1.5871855508040902
365,318,3.39220447147905
701,6,4.87963594888531
810,811,1.50627171557316
223,415,5.03565297060015
649,868,12.730555237484198
326,1061,10.054659167573
979,615,2.13666268969413
820,1235,5.26623802006681
707,628,3.45550373911328
493,190,3.2721243359677903
415,223,5.03565297060016
692,1189,3.84487617823721
479,471,2.79297341323937
900,684,3.6837066754134797
252,936,1.49874937517703
905,188,3.2005070275593397
255,438,1.83128787667431
1151,1195,21.773670616597
1139,744,2.0753576163042498
218,380,2.33888870383221
1152,1261,7.9836934878512
1761,826,2.3689521624153898
550,205,5.8384131826573205
977,1245,5.25433700034547
682,518,2.93200486368439
1184,649,9.53491915450548
208,27,5.25075948968621
1009,895,3.29885184654795
220,414,3.17043549932059
281,259,2.6836630976197497
784,673,6.89538028197813
1218,203,3.4710712908925
1180,1177,0.864574182428276
361,530,6.00020141703953
1219,380,1.46872272408301
877,863,2.54831275631972
1278,30,30.7644938942076
855,167,2.71667347110058
995,895,5.95509263549377
367,1186,2.20819375005045
952,989,3.6911704595434
266,825,36.9860676378607
842,991,3.40539191695837
446,422,1.7329080236835
916,1260,2.60972338925113
855,936,4.95940282148638
1180,331,7.384996741158919
610,313,2.98044454484968
1073,138,1.63925546433243
971,1063,3.50638585906561
380,1973,1.36804177277411
70,1842,11.3521494924974
64,139,3.57933980977918
897,405,1.61504173907981
470,733,7.21386401964768
436,924,6.157885737165611
34,442,7.05202716100634
488,243,1.27976700974966
840,436,9.09240953433115
201,673,4.28344861669418
442,589,4.8105261614507695
433,68,2.36969814004111
1202,726,16.1947847979467
1048,229,4.86935818820788
1223,120,1.46070967937092
744,412,4.77980314847274
160,868,14.4645809008488
375,974,3.6197387493268303
704,257,1.31814255121291
1663,1192,4.227627743551929
1174,368,3.44921306312771
1092,205,6.15494673010358
205,342,5.7457269919803
784,391,2.2052181591122797
1260,916,2.60972338925114
12,710,2.3373919394454
1154,35,7.2612582506648895
738,203,4.74825996778155
376,1244,4.00529035906362
1135,423,1.38166837331015
936,855,4.95940282148638
907,635,3.3809035938469503
648,916,2.8523239925441497
815,822,2.96888218067864
205,550,5.8384131826573205
27,266,1.0887962411429
819,1278,2.5465051408215498
976,147,2.60549807265321
1043,287,4.465825097347589
1730,699,2.3003490027805302
636,523,4.99949863351648
318,455,30.2582766371717
1242,1238,9.060054182139352
133,612,2.80713265543637
263,281,4.25692022595131
621,243,3.17825665118003
138,1088,4.4365950193757095
258,612,9.33173844239924
1092,342,7.84950380215507
325,1048,6.72025706808928
1139,585,3.24824855788172
1060,938,3.8163107819225
759,232,1.8015984144312098
1176,1146,7.3744483134838505
1149,736,5.20357896875232
1145,724,17.1185449912703
442,34,7.05202716100634
848,462,5.68743336573186
720,1744,5.54836811026759
1663,1048,6.073782277891779
235,1130,1.75765399167621
1076,873,2.34704192749606
1723,743,3.37580338078681
1192,1663,4.227627743551929
449,1248,5.1311386402896
1048,325,6.72025706808927
217,215,0.789979517572293
326,1270,5.067859872733931
1092,902,5.3183000703918895
566,871,2.29580156619449
724,1145,17.1185449912703
764,38,1.33030548437577
100,801,2.77336160462047
870,424,3.39495375983216
320,317,8.79058879805361
810,634,8.9370304821239
324,157,8.69047220507006
189,824,1.6506849367613199
752,723,9.34092778399956
615,979,2.13666268969413
392,16,2.7331826844654503
648,368,2.95668361112064
220,725,20.0048996892178
762,936,6.35155414175685
724,1005,8.69129447170781
604,868,22.381145536699
1212,317,12.298373367423402
30,1278,30.7644938942076
114,818,8.6254184264816
540,212,15.188696942557801
700,281,6.4254724976851305
910,347,2.93889446771948
257,532,6.01740388047074
1842,70,11.3521494924974
715,1242,4.84227266258064
589,442,4.8105261614507695
530,22,1.19794582976461
195,1034,1.8632705988232001
31,155,3.47520872050516
1274,1085,6.51671151668658
1048,521,2.90185289336519
1187,1034,7.84646394155818
199,907,5.85481554905203
489,968,10.3528538953018
837,1081,2.8057816292194997
235,345,4.76032997522386
1082,941,3.91492476229195
764,58,2.0413438005841997
1841,502,4.6233676632586205
1107,496,10.562930051811499
2011,726,5.673038996584349
494,1228,2.10021199750497
486,183,4.33216375320699
585,683,3.60648077415765
126,589,9.73342940130064
970,768,2.3339924219211396
160,649,3.49412664076202
132,187,2.59345466868338
1767,621,1.14692614578279
391,790,3.8597610448828
546,570,5.35583137427149
223,1768,1.76223482754087
360,121,9.098335852784931
629,1135,0.983034769606415
592,1102,1.1808527153497
246,958,4.9561658557836
649,160,3.49412664076202
462,848,5.68743336573186
458,12,4.822783016219001
1013,939,13.576942428686099
1219,1761,1.11742968259562
10,317,8.383183688507101
743,1723,3.3758033807868
1185,1157,11.9663248395352
1181,327,15.182164105215499
682,335,5.679393221149811
458,1059,3.78825075214971
474,815,2.7052279697998403
621,1979,2.07555485004425
951,249,1.84270365802114
64,1278,5.64438228154816
348,1272,4.80271084601572
317,10,8.383183688507101
701,1068,2.34405051921528
325,521,1.95899721866755
686,1134,5.88359350482339
900,384,3.23863700458445
504,706,2.37905195040345
325,1192,4.87410253374943
489,418,5.65674918607321
143,708,3.85702347648524
1130,235,1.75765399167621
991,842,3.40539191695837
788,818,9.75392973469474
752,786,16.0747091967526
1048,1979,3.3703764603252697
842,399,2.1883210711238696
871,810,3.0965613322971097
184,157,16.1396272074051
153,739,2.23500149831494
22,530,1.19794582976461
474,685,1.25201773339745
25,118,7.41705407778493
873,1274,7.43172118425392
1256,67,1.2952106352267798
146,951,11.9779451151666
406,424,2.4725597671145203
704,272,3.11462254438189
384,900,3.23863700458445
996,277,4.10346058199586
455,447,4.39011525596125
227,1048,4.61530196315156
185,114,3.35742084187726
692,395,1.46279708493928
433,120,2.45111612431456
686,9,3.73152401946613
2089,220,4.02146965016619
905,1066,1.85137330615605
422,848,6.5227244547183
480,435,7.70515278063239
1192,363,4.19576877038589
1151,1226,46.1290129174649
120,433,2.45111612431456
368,648,2.95668361112064
910,923,2.96200137227107
68,433,2.36969814004111
400,895,5.16293778370442
789,895,7.92501290261934
365,6,3.0594797629027997
1018,791,3.52321021350737
643,1181,1.21842429949905
728,730,1.12211406370089
82,1125,2.56947052827892
835,562,4.79831140336085
139,877,4.549156193904509
654,1234,3.6012854088346997
1234,654,3.6012854088346997
220,1021,5.77606020566167
848,908,2.23928850951676
263,700,2.2697321436146
747,258,3.06253802443037
1767,221,2.97620666210048
252,289,1.57165718651297
219,1048,9.6292624531481
725,2089,15.9835643603001
34,329,3.20210822190213
220,415,3.42079482176169
620,82,2.54876558329422
809,255,5.4858892630526395
952,583,1.86747046876375
673,391,6.89358614426021
10,1145,6.40420595217736
542,933,2.6698716059344
288,147,2.31772383066874
472,1255,4.04297430151845
812,227,2.05023589792891
1048,227,4.61530196315156
1228,494,2.10021199750497
9,132,5.27493276125206
281,700,6.4254724976851305
1058,1234,2.79693611845541
827,1147,3.12235851097456
1842,78,3.73046868884355
514,133,1.4245733679658399
786,752,16.0747091967526
258,259,1.33247620523115
1350,1061,15.9180619016336
422,446,1.7329080236835
449,130,12.165550420004099
133,514,1.4245733679658399
931,210,5.70287125462335
1066,546,1.23008126484986
568,563,1.6725142134553301
8,136,2.92134601367045
590,877,1.89757846538772
920,908,3.7061675368328704
560,868,3.51888751713172
968,723,13.281629809819501
724,647,5.96108641602288
1160,706,2.86971461229117
320,455,6.53827221648006
540,337,1.63144968763091
788,801,3.14992625492155
1219,183,1.80481717228469
604,649,11.410691276612301
346,1206,4.0324086861153905
317,320,8.79058879805361
231,102,3.2982533563135097
205,1092,6.15494673010358
406,400,3.70280637475485
870,809,8.635733264349021
1228,318,1.9766592737523598
916,648,2.8523239925441497
1131,378,3.7037482330348896
1048,219,9.6292624531481
989,952,3.6911704595434
936,739,2.5047312675645697
1031,995,3.43607233760005
185,1113,3.66520060494182
1192,229,2.0856446780595403
432,1182,3.5016461789054203
811,1083,4.57447050558597
139,61,1.0990143080659
805,902,3.65473290062456
277,510,4.9118647540091
351,320,4.81092171837891
630,1244,4.2201108279672095
438,366,2.8839986181002
579,827,1.47795494158508
707,805,5.97543763202848
199,1232,2.9683843944033
380,218,2.33888870383221
329,34,3.20210822190213
515,620,0.774603359769017
427,560,12.3333024539848
1088,138,4.4365950193757095
127,797,4.5816677317088
455,320,6.53827221648006
369,371,1.33171435080629
664,1093,2.04945137397069
421,1159,2.7822231357384397
446,982,5.73752216531307
632,1084,2.37054427321055
743,540,12.1229009538366
286,768,5.51354406189795
1187,519,2.6458555457356403
27,726,3.00141033913587
410,68,0.994703183928227
223,414,4.8669933313975395
992,1157,2.58324913573318
352,1084,1.74372573601558
1189,692,3.84487617823721
759,1021,3.37992084527007
229,1048,4.86935818820788
78,1842,3.73046868884355
27,1202,15.5117460400336
435,126,21.267678984642302
188,905,3.2005070275593397
458,1085,6.62193740594126
104,1186,3.07170162553244
811,871,3.07693273011447
710,12,2.3373919394454
1272,434,2.45163376229098
637,539,1.61098002352575
510,1113,4.02315069741812
814,142,3.0955368788505297
418,617,3.23090342249126
267,266,3.44558844559281
223,455,53.684887290327495
347,67,1.92040581342835
208,1195,13.0097613364015
316,1079,1.1590775910472801
366,261,2.07162275597765
1231,1350,6.09047333648202
825,266,36.9860676378607
328,488,2.20379730908584
1176,715,10.7271583177856
184,636,4.14080312611445
1212,520,8.82800046018578
1083,811,4.57447050558597
166,212,11.7415975823228
1912,1761,1.14022598015542
781,751,4.63667129087943
1348,143,4.45271847725327
809,870,8.635733264349021
1113,185,3.66520060494182
791,413,6.3681835663348005
501,195,2.25671910194005
1136,535,2.93629414907999
860,685,2.11065015153601
380,1219,1.46872272408301
1244,630,4.2201108279672095
1248,1843,2.5421946212302102
413,962,2.6674050890643897
877,139,4.549156193904509
617,801,5.9602406037975895
262,1062,4.14384700438492
789,894,2.82967861853197
902,805,3.65473290062456
1260,325,2.04855390115139
2089,725,15.983564360300202
1134,686,5.88359350482339
157,324,8.69047220507005
74,1266,5.50058853401637
634,810,8.9370304821239
793,683,3.97439641057849
146,409,20.2909262243548
739,153,2.23500149831494
1141,984,4.5156207484558
291,798,5.24895816130638
1161,1144,9.70777400645152
977,1017,3.1703711852937397
223,815,46.661521551949804
378,1131,3.7037482330348896
832,782,2.7972644463620298
1085,458,6.62193740594126
208,1202,18.616458503745797
764,37,3.02424434939072
217,220,1.03931431303768
565,1231,3.5525675359791697
1218,316,2.88559759829687
462,364,3.03184537688916
1202,399,2.4397766370117804
1084,632,2.37054427321055
1254,961,7.87047775929169
212,743,8.12386054599448
1076,939,7.50625275272035
781,231,2.1622608464621
504,360,15.5764354466686
812,383,1.6109871874625001
208,2011,8.09471270238334
974,375,3.6197387493268303
600,318,1.89724377723968
318,1228,1.9766592737523598
738,911,5.6945674923389396
191,1663,1.42148073152001
860,1056,1.7538708681514
266,27,1.0887962411429
612,791,8.23495978576169
871,811,3.07693273011447
1186,104,3.07170162553244
1244,376,4.00529035906362
447,449,2.315575810855
720,158,3.81710479279515
620,515,0.774603359769017
750,1666,7.88020701392755
400,406,3.70280637475485
218,227,0.676257719003781
1912,189,0.922614517461714
1084,819,33.8572847340224
1663,810,16.6184491428359
726,728,1.74582125988393
649,604,11.410691276612301
220,223,3.69516481897967
216,215,0.8325454103390819
728,726,1.74582125988393
1238,1242,9.060054182139352
997,457,1.8764698244967601
210,212,3.12230384618844
996,974,4.03770507288899
455,318,30.2582766371718
973,602,10.1349721111696
219,810,15.306330633810099
939,348,2.83846913578377
621,1767,1.14692614578279
941,1082,3.91492476229195
895,1009,3.29885184654795
1091,1843,3.18706027043334
895,610,2.53764358378404
414,223,4.8669933313975395
956,957,0.853194387849495
1192,325,4.87410253374943
1146,384,6.3079732907403905
496,1107,10.562930051811499
933,542,2.6698716059344
864,866,1.3045476632576198
866,864,1.3045476632576198
504,415,9.92565325872752
401,1067,5.535939384887319
190,493,3.2721243359677903
868,160,14.4645809008488
261,167,1.6344184116429201
219,1663,6.41519021387917
1242,715,4.84227266258064
383,191,1.2264929316283102
899,1368,8.684387215063952
951,146,11.9779451151666
1061,636,12.7986623585388
58,1278,36.9333251396287
939,66,8.24665566305924
223,2089,5.74352256405749
1130,563,1.37698764778239
177,139,5.84558194223341
1278,58,36.9333251396287
58,819,36.2720004391276
102,231,3.2982533563135097
259,793,4.03464710886593
66,939,8.24665566305924
683,585,3.60648077415765
519,1187,2.6458555457356403
1159,267,3.58227557418227
184,1670,6.56878262168561
1979,621,2.07555485004426
791,1018,3.52321021350737
324,523,7.12542068250409
515,870,1.55282376699507
82,620,2.54876558329422
1231,565,3.5525675359791697
610,895,2.53764358378404
247,707,3.77635082246385
815,474,2.7052279697998403
635,907,3.3809035938469503
342,790,2.30790909491612
471,479,2.79297341323937
424,870,3.39495375983216
518,136,3.72263966424408
748,1265,6.28603967017478
220,217,1.03931431303768
901,956,5.329885825221201
863,177,3.90732454865703
790,342,2.30790909491612
684,900,3.6837066754134797
589,126,9.73342940130064
158,720,3.81710479279515
190,566,2.83576825819117
939,1013,13.576942428686099
1063,726,2.8097577882607
739,936,2.5047312675645697
1083,336,2.33836179671462
832,209,1.5782165296289699
810,871,3.0965613322971097
514,288,2.3982509336011897
423,1097,6.096324554447641
496,786,7.1196425169536495
1270,326,5.067859872733931
1973,380,1.36804177277411
600,923,2.4171668333134697
325,219,7.06166500407667
715,1176,10.7271583177856
1058,1068,3.44278611719614
1048,221,2.52527122155048
683,793,3.97439641057849
628,805,3.81738305143773
1021,220,5.77606020566167
1034,195,1.8632705988232001
227,812,2.05023589792891
19,523,6.49428614587748
1242,507,3.52628096662913
984,1141,4.5156207484558
409,1194,24.777121851737
35,807,4.02353527906653
797,127,4.5816677317088
1238,9,6.32441236336817
142,814,3.0955368788505297
455,822,4.44445906948192
143,1348,4.45271847725327