userId,firstName,lastName
1,Charlene,Ford
2,John,Gallagher
3,James,Fisher
4,Katrina,Braun
5,Andrew,Rice
6,Sean,Martin
7,Joseph,Fernandez
8,Robert,Fuller
9,Alison,Thompson
10,Kevin,Matthews
11,Travis,Conner
12,Stephanie,Berry
13,Alexis,Hawkins
14,Julia,Kane
15,Daniel,Fuller
16,Kimberly,Moss
17,Terri,Davis
18,Lisa,Hill
19,Alex,Jenkins
20,Adam,Brown
21,Travis,Andrews
22,Bryan,Brown
23,Crystal,Edwards
24,Walter,Sanchez
25,Barry,Parker
26,Virginia,Cochran
27,Michael,Norton
28,Devon,Rodriguez
29,April,Nelson
30,Rachel,Lee
31,Paul,Campbell
32,Brandon,Carey
33,Darryl,Silva
34,Zachary,Fowler
35,Cynthia,Miller
36,John,Cardenas
37,Travis,Elliott
38,George,Evans
39,Paul,Hale
40,Jonathan,Fox
41,Phyllis,Krueger
42,Amy,Johnson
43,Destiny,Mills
44,Nicole,Perkins
45,Cesar,Santana
46,Jacob,Morgan
47,Jennifer,Wood
48,Abigail,Russell
49,Jennifer,Wilson
50,Joseph,Alvarez
51,Natalie,Duke
52,Randall,Ramsey
53,Anthony,Schmidt
54,Timothy,Shields
55,Ronnie,Foster
56,Jack,Guerra
57,Rhonda,Alvarez
58,Adam,Parker
59,Ricky,Rowe
60,Scott,Mack
61,Dawn,Brown
62,Mathew,Johnson
63,Amanda,Ferguson
64,Ricky,Johnson
65,Candice,Cooper
66,Amy,Wright
67,Destiny,Davis
68,Dennis,Walsh
69,Carla,Chandler
70,Mariah,Keller
71,Marie,Robertson
72,Michelle,Munoz
73,Maria,Smith
74,Erin,Jones
75,Melissa,Fields
76,Jessica,Medina
77,Lori,Monroe
78,Nicole,Stanley
79,Kyle,Pineda
80,Kim,Davis
81,Gregory,Chapman
82,Kurt,Keller
83,Juan,Lyons
84,Steven,Avery
85,Brett,Ho
86,Kyle,Gordon
87,Melinda,Jackson
88,Michael,Flynn
89,Ronnie,Massey
90,William,Cisneros
91,Nicole,Mckay
92,Caroline,Thomas
93,Lisa,Miller
94,Nathan,Phelps
95,Matthew,Brown
96,Shelly,Day
97,Joanna,Henderson
98,Elizabeth,Le
99,Madeline,House
100,Matthew,Stanley
101,Holly,Wise
102,Michael,Hodges
103,Phillip,Osborne
104,Crystal,Garner
105,Cheryl,Reynolds
106,Jeffrey,Mann
107,Lawrence,Smith
108,Kaitlyn,Myers
109,Samantha,Hunter
110,Amy,Gonzalez
111,Kyle,Gutierrez
112,Peter,Walls
113,Connie,Baker
114,Nathan,Mann
115,James,Khan
116,Kendra,Becker
117,Tracy,Young
118,Stephanie,Wilcox
119,Catherine,Evans
120,Ruth,Lang
121,Seth,Berry
122,Michael,Williams
123,Amy,Gonzalez
124,Mary,Newman
125,Julie,Rowe
126,Dustin,Martinez
127,Danielle,Cain
128,Jenna,Jones
129,Christian,Harding
130,Melissa,Lee
131,Keith,Hawkins
132,Christian,Rivera
133,Jesus,Greene
134,Vicki,Baker
135,Kimberly,Medina
136,Jason,Johnson
137,Richard,Myers
138,Shannon,Rodriguez
139,Kelli,Morris
140,Mary,Avila
141,Vanessa,Owen
142,Samuel,Davis
143,Sue,Ray
144,Paul,Matthews
145,Barry,Hamilton
146,Kathryn,Robbins
147,Dustin,Aguirre
148,Julie,Paul
149,Amanda,Francis
150,Rachel,Rosales
151,Jessica,Johnston
152,Kelsey,Holmes
153,Ashley,Roberts
154,Caitlin,Shepherd
155,Jacob,Moore
156,Chad,Perez
157,Scott,Garcia
158,Olivia,Mcgee
159,Christina,Shelton
160,Scott,Smith
161,Andrew,Fletcher
162,Sheri,Sullivan
163,Ralph,Miles
164,Gina,Stevenson
165,Lynn,Sanders
166,Albert,Kirk
167,David,Smith
168,Richard,Dean
169,Lucas,Padilla
170,Lori,Rodgers
171,Brenda,Green
172,Linda,Nelson
173,Lisa,Zamora
174,Ronald,Hall
175,Christine,Weber
176,Rita,Moore
177,Michelle,Poole
178,Maria,Mendoza
179,Bonnie,Summers
180,Elizabeth,Smith
181,Anthony,Owens
182,Kimberly,Bowen
183,Brian,Herman
184,Dana,Ramos
185,Eric,Long
186,Heather,Lee
187,Sheila,Green
188,Randall,Weiss
189,Robert,Willis
190,Morgan,Wade
191,Patricia,Miller
192,Phillip,Beasley
193,Alan,Griffith
194,Eric,Lopez
195,Rachel,Smith
196,Ronald,Warner
197,Brittany,Ferguson
198,Mary,Bradley
199,Lawrence,Foster
200,Christopher,Rice
201,Margaret,Saunders
202,Roger,Anderson
203,Jennifer,Burton
204,Courtney,Wilson
205,Elizabeth,Jones
206,Brent,Randolph
207,Anthony,Hood
208,Jonathan,Farrell
209,Stephanie,Miller
210,Anna,Keith
211,Michael,Anderson
212,George,Koch
213,Linda,Steele
214,Courtney,Fisher
215,Corey,Wheeler
216,Jacob,Hall
217,Elizabeth,Hernandez
218,Terri,Bishop
219,Vincent,Smith
220,Nancy,Camacho
221,Brandon,Serrano
222,John,Thompson
223,Lisa,Sullivan
224,Audrey,Johnston
225,Duane,Jackson
226,Zachary,Roberts
227,Eric,Mejia
228,Robert,Parker
229,Robin,Myers
230,Steven,Adams
231,Michael,Knight
232,Albert,Brown
233,Ronnie,Hernandez
234,Misty,Martinez
235,Sabrina,Perkins
236,Joshua,Sanchez
237,Michelle,Burnett
238,Robin,Rivera
239,Patrick,Williams
240,Anna,Pena
241,Logan,Blake
242,Adam,Davis
243,Michael,Flores
244,George,Zhang
245,Elizabeth,Price
246,Lori,Bartlett
247,Ricky,Wilson
248,William,Lawson
249,Chad,Larson
250,Susan,Matthews
251,Evelyn,Williams
252,Robert,Murphy
253,Mandy,Kim
254,Raymond,Myers
255,Michael,Munoz
256,Amanda,Morris
257,Timothy,Kennedy
258,Jaime,Park
259,Brittany,Williams
260,Lee,Anderson
261,Kelsey,Fuller
262,Elizabeth,Boone
263,Jennifer,Lewis
264,Kenneth,Moore
265,Jared,Tran
266,Oscar,Williams
267,Jimmy,Alexander
268,Kara,Martin
269,Brett,Greene
270,Kimberly,Bryant
271,Carrie,Hill
272,Catherine,Peters
273,Catherine,Wallace
274,John,Bennett
275,Dawn,Johnson
276,Kristen,Ramirez
277,Anthony,Wells
278,Katie,Moore
279,Carol,Freeman
280,Katherine,Huff
281,Ashley,Ramos
282,Kathleen,Carr
283,Jeffery,Smith
284,Timothy,Baker
285,Evelyn,Gilbert
286,Joseph,Davidson
287,Amanda,Rosales
288,Mindy,Hanna
289,Dakota,Foster
290,Karen,Johnson
291,Jill,Ryan
292,Richard,Braun
293,Bryan,Carlson
294,Christine,Caldwell
295,Mary,Brooks
296,Jennifer,Ortega
297,Sarah,Jones
298,Colton,Wilkerson
299,Nicole,Taylor
300,Denise,Gallagher
