user1Id,user2Id
1,228
1,187
2,161
3,103
3,64
3,17
3,166
3,142
3,272
3,210
3,161
3,77
3,278
3,79
3,68
3,179
3,201
3,273
3,81
3,24
3,107
3,110
3,295
3,102
3,2
3,197
3,189
3,234
3,174
3,40
3,269
3,187
4,78
4,235
4,182
5,125
5,265
5,207
5,62
5,135
5,234
5,2
5,177
5,185
5,172
5,140
5,222
5,118
5,298
5,230
5,241
5,89
5,174
5,160
6,271
6,277
6,17
6,82
6,202
6,210
6,147
6,232
6,180
6,168
6,83
6,279
6,143
6,183
6,88
6,244
6,98
6,290
6,198
6,219
6,194
6,130
6,179
6,189
6,55
6,234
6,228
6,222
6,46
6,263
6,102
6,282
6,187
6,173
6,256
6,108
6,241
6,196
6,299
7,165
7,283
7,200
7,53
7,240
7,40
7,97
7,48
7,91
8,286
8,80
8,116
8,204
8,76
8,291
8,171
8,49
8,269
8,50
9,215
9,243
9,12
9,77
9,198
9,207
9,112
9,25
9,8
9,228
9,299
9,216
9,255
9,146
9,260
9,130
9,64
9,80
9,62
9,138
9,14
9,140
9,23
9,194
9,41
9,97
9,110
9,282
9,91
9,48
10,290
10,226
10,257
10,46
10,53
10,231
10,139
10,68
10,298
10,201
10,240
10,269
10,173
10,10
10,259
10,104
10,253
10,143
10,100
10,168
10,40
10,101
10,279
10,238
10,67
10,297
10,109
10,252
10,137
10,172
10,162
10,91
10,266
10,147
11,58
11,137
11,90
11,270
11,13
11,182
11,107
11,63
12,114
12,24
12,277
12,8
12,299
12,191
12,282
12,184
12,120
12,135
12,177
12,83
12,137
12,127
12,136
12,234
12,160
12,246
12,297
12,67
12,203
12,235
12,288
12,187
12,151
12,33
12,53
12,38
12,175
12,75
12,141
13,26
13,142
13,201
13,189
13,222
13,290
13,188
13,257
13,295
13,137
13,99
13,5
13,265
13,249
13,31
13,110
13,104
13,282
13,49
13,205
13,254
13,21
13,12
13,127
13,225
14,290
14,259
14,68
14,116
14,222
14,29
14,212
14,112
14,243
14,8
14,199
14,2
14,291
14,174
14,54
14,261
14,254
14,77
14,190
15,87
15,171
15,214
15,60
15,21
15,299
15,17
15,251
16,97
16,192
17,171
17,283
17,245
17,247
17,71
17,277
17,172
17,54
17,219
17,146
17,75
17,183
17,31
17,176
18,94
18,103
18,129
18,63
18,185
18,4
18,221
18,134
18,178
18,272
18,75
18,218
18,137
18,232
18,109
18,80
18,196
18,72
18,29
18,112
18,122
18,3
18,124
18,186
18,24
18,110
18,34
19,182
19,297
19,178
19,124
19,50
20,5
20,295
20,245
20,119
20,249
20,14
20,251
20,180
20,54
20,45
20,264
20,220
20,239
20,3
20,126
20,103
20,287
20,50
20,163
20,250
20,142
20,111
20,124
20,38
20,123
20,117
20,85
21,236
21,100
21,200
21,144
21,114
21,178
21,10
21,86
21,289
21,36
21,29
21,267
21,187
21,151
21,244
21,254
21,163
21,222
21,43
21,189
21,85
21,81
21,66
21,111
21,223
21,99
21,215
21,28
21,78
21,9
21,278
21,152
21,188
21,282
21,211
21,129
21,291
22,13
22,243
22,11
22,211
22,152
22,157
22,230
22,272
22,261
22,254
22,111
22,69
22,285
22,149
22,53
22,25
22,284
22,37
22,59
22,99
22,44
22,14
22,38
22,39
22,9
23,198
23,155
23,144
23,121
23,26
23,175
23,12
24,168
24,200
24,201
24,248
24,49
24,15
24,271
24,38
24,9
24,235
25,49
25,297
25,145
25,296
25,79
25,7
25,36
26,270
26,103
26,241
26,232
26,193
26,282
26,254
26,45
26,114
26,61
26,184
26,6
26,41
26,165
26,19
26,269
26,36
26,245
26,160
26,222
26,192
26,22
26,226
27,24
27,157
27,54
27,279
27,147
27,5
27,127
27,129
27,180
27,227
27,141
27,280
27,276
27,267
28,187
29,90
29,226
29,123
29,161
29,190
29,166
29,45
29,273
29,172
29,137
29,298
29,256
29,266
29,46
29,286
29,40
29,260
29,158
29,174
29,61
29,213
29,53
29,94
29,262
29,277
30,29
30,131
30,161
30,198
30,134
30,103
30,236
30,83
30,266
30,146
30,284
30,244
30,246
30,151
30,50
30,48
30,228
30,280
30,81
30,75
30,162
30,109
30,17
30,189
30,72
30,274
30,298
30,184
30,14
31,252
31,280
31,146
31,187
31,36
31,204
31,24
31,191
31,40
31,37
31,110
31,240
31,42
31,91
31,49
31,18
31,53
31,130
31,264
31,221
32,261
32,42
32,223
32,27
32,23
32,142
32,155
32,275
32,93
32,52
32,180
32,192
32,123
32,15
33,186
33,72
34,151
34,186
34,74
34,39
34,260
34,25
34,291
34,34
34,237
34,279
34,299
34,187
34,201
34,282
34,221
34,122
34,135
34,161
34,171
34,270
34,31
34,18
34,67
34,145
34,16
34,153
34,112
34,24
35,46
35,263
35,240
36,200
36,176
36,44
36,271
36,92
36,161
36,16
36,80
36,223
36,259
36,140
36,162
36,84
36,196
36,175
36,170
36,30
36,74
36,155
36,56
36,22
37,12
37,94
37,5
37,267
37,257
37,147
37,52
37,189
37,193
37,11
37,73
37,9
37,220
37,197
37,204
37,229
37,96
37,145
37,297
37,127
37,29
37,252
37,262
38,190
38,77
38,227
38,37
38,46
38,111
39,139
39,80
39,247
39,224
39,88
39,173
39,249
39,211
39,15
39,243
39,256
39,60
39,70
39,187
39,141
39,103
40,5
40,261
40,249
40,281
40,283
40,165
40,86
40,2
40,268
40,186
40,134
40,71
40,284
40,145
40,180
40,79
40,219
40,231
40,44
40,105
40,226
40,293
40,119
40,99
40,175
40,4
40,227
40,278
40,81
40,27
40,239
40,72
40,217
40,26
40,190
41,57
41,121
41,99
41,14
41,109
41,136
41,278
41,98
41,283
41,79
41,240
42,77
42,162
42,72
42,24
42,128
42,88
42,188
42,12
42,221
42,1
42,287
42,99
42,87
42,168
42,204
43,167
43,183
43,53
43,261
44,59
44,130
44,278
44,170
44,46
44,107
44,173
44,110
45,102
45,297
45,29
45,253
45,153
45,251
45,106
45,216
45,19
45,238
45,242
45,267
45,241
45,171
45,280
45,157
45,34
45,8
45,221
46,45
46,208
47,193
47,212
47,191
47,168
47,18
47,266
47,118
47,280
47,159
47,286
47,100
47,89
47,299
47,228
47,71
47,94
47,34
47,242
47,204
48,182
48,65
48,177
48,23
48,150
48,244
48,60
48,229
48,149
48,192
48,129
48,41
49,280
49,94
49,222
49,155
49,33
49,227
49,113
49,178
49,165
49,168
49,79
49,172
49,110
49,55
49,289
49,31
49,173
49,89
49,215
49,256
49,88
49,230
49,162
49,114
49,161
49,278
49,124
49,64
49,20
49,39
49,3
49,137
49,298
49,182
49,220
49,170
49,291
50,87
50,120
50,173
50,62
50,148
50,241
50,37
51,92
51,110
51,20
51,287
51,190
51,86
51,246
51,207
51,23
51,76
51,249
51,225
51,7
51,286
51,196
51,255
51,39
51,6
51,171
51,8
51,137
51,213
51,248
51,121
51,47
51,13
52,121
52,151
52,203
52,134
52,38
52,214
52,71
52,93
52,174
52,124
52,55
52,233
52,179
52,19
52,47
52,42
52,268
52,127
52,28
52,102
52,81
52,157
52,135
52,258
52,294
52,100
52,247
52,90
52,46
52,119
52,213
52,195
53,81
53,214
53,262
53,155
53,33
53,273
53,292
53,10
53,258
53,197
53,181
53,123
53,298
53,56
53,161
53,231
53,60
53,212
53,264
53,129
53,240
53,89
53,271
53,20
53,121
53,88
53,158
53,115
54,283
54,275
54,32
54,278
54,270
54,38
54,193
54,242
54,65
54,53
54,112
54,134
54,195
54,196
54,135
54,175
54,187
54,62
54,121
54,244
54,140
54,277
54,139
54,79
54,279
54,234
54,199
54,190
54,259
54,189
54,267
54,292
54,192
54,249
54,150
54,67
54,182
54,281
54,57
55,188
55,184
55,157
55,284
55,142
56,34
56,98
56,153
56,180
56,6
56,186
56,8
56,227
56,213
56,99
56,209
56,124
56,218
56,89
56,76
56,275
56,278
56,176
56,55
56,287
57,225
57,113
57,237
57,46
57,152
57,54
58,97
58,197
58,92
58,250
58,33
58,66
58,6
58,196
58,278
58,178
58,289
58,156
58,224
58,23
58,60
58,288
58,280
59,212
59,30
59,202
59,274
59,135
60,223
60,183
60,16
60,270
60,256
60,21
60,204
60,282
60,219
60,212
60,146
60,166
60,225
60,22
60,173
60,116
60,86
60,224
60,95
60,59
60,1
60,274
60,197
60,89
60,65
60,131
60,78
60,185
60,238
60,62
60,29
61,161
61,179
61,196
61,191
61,244
61,145
61,40
61,47
61,49
61,46
61,237
61,181
61,283
61,68
61,277
61,148
61,17
61,117
61,110
61,25
61,126
61,99
62,181
62,177
62,51
62,55
62,118
62,227
62,199
62,39
62,282
62,90
62,58
62,249
62,81
62,3
62,99
62,150
62,162
62,38
62,10
63,171
63,299
63,239
63,279
63,173
63,124
63,20
63,70
63,9
63,222
63,290
63,183
63,106
63,54
63,167
63,114
63,255
63,253
63,215
63,116
63,211
63,115
63,241
63,86
63,68
63,13
63,153
63,27
63,82
63,196
63,61
63,125
63,17
63,152
64,155
64,180
64,85
64,284
64,266
64,206
64,65
64,152
65,81
65,238
65,251
65,195
65,51
65,68
65,221
65,159
65,145
65,147
65,201
65,110
65,240
65,127
65,86
65,156
66,139
66,60
66,239
66,289
66,103
66,200
66,100
66,20
66,7
66,114
67,135
67,297
67,268
67,12
67,139
67,202
67,264
67,262
67,11
67,18
67,110
67,214
67,265
67,237
67,49
67,263
67,42
67,150
67,68
67,43
67,56
67,51
67,161
67,17
68,95
68,203
68,90
68,33
68,128
68,79
68,201
68,14
68,284
68,19
68,250
68,62
68,123
68,236
68,155
68,286
68,15
68,61
68,85
69,144
69,195
69,185
69,127
69,192
69,78
69,164
69,131
69,115
69,71
69,58
69,177
69,124
69,213
69,254
69,201
70,124
70,19
70,53
70,11
70,270
70,71
70,41
70,151
70,6
70,271
70,147
70,74
70,34
70,284
70,115
71,121
71,159
71,161
71,32
71,300
71,170
71,231
71,229
71,9
71,205
71,96
71,266
71,3
71,297
71,147
71,108
71,75
71,276
71,117
71,251
71,93
71,150
71,61
71,270
71,7
71,47
71,289
71,267
71,257
71,110
71,243
71,31
71,35
71,223
71,5
71,291
71,179
71,86
72,241
72,172
72,266
72,110
72,209
72,174
72,87
72,188
72,34
72,102
72,208
72,262
72,250
72,249
72,225
72,89
72,210
72,203
72,67
72,122
72,90
72,292
72,204
73,60
73,289
73,159
73,125
73,69
73,30
73,36
73,23
73,282
73,213
73,106
73,190
73,252
73,37
73,58
73,44
73,188
73,198
73,61
74,40
74,130
74,38
74,139
74,281
74,145
74,23
74,238
74,41
74,83
74,127
74,256
74,56
74,173
74,164
74,123
74,71
74,79
74,159
74,248
74,292
74,255
74,119
74,247
74,259
74,203
74,120
74,195
74,193
74,293
74,218
74,236
74,115
74,31
74,233
75,293
75,101
75,108
75,155
75,298
75,105
75,31
75,290
75,130
75,201
75,42
75,286
75,275
75,273
75,271
76,135
76,226
76,42
76,1
76,41
76,83
76,30
76,132
76,286
76,185
76,29
76,262
76,126
76,198
76,51
76,81
76,235
76,169
76,195
76,290
76,77
76,179
76,54
76,2
76,207
76,184
76,171
76,75
76,69
76,93
76,247
76,94
76,178
76,10
76,101
76,263
77,28
77,289
77,157
77,241
77,180
77,76
77,13
77,20
77,62
77,79
77,15
77,23
77,221
77,39
77,230
77,282
77,214
77,32
77,42
77,51
77,2
77,167
77,131
77,212
77,150
77,166
77,61
78,147
78,251
78,81
78,8
78,53
78,255
78,15
78,12
78,42
78,177
78,281
78,249
78,190
78,197
78,191
79,221
79,8
79,222
79,212
79,276
79,214
79,144
79,190
79,300
79,299
79,108
79,15
79,117
79,179
79,136
79,283
79,210
79,151
79,241
80,236
80,145
80,231
80,282
80,155
80,95
80,29
80,62
80,255
80,96
80,130
80,199
80,212
80,122
80,200
80,182
80,291
80,6
80,140
80,28
80,34
80,146
80,123
80,71
80,184
81,271
81,74
81,194
81,58
81,136
81,209
81,63
81,104
81,40
81,243
81,38
81,61
81,272
81,254
81,76
81,283
81,52
81,287
81,168
81,265
81,174
81,86
81,139
81,247
81,93
81,288
81,99
81,35
81,216
82,141
82,112
82,206
82,124
83,160
83,40
83,217
83,254
83,297
83,300
83,13
83,156
83,2
83,121
83,226
83,89
83,199
84,185
84,233
84,148
84,256
84,270
84,176
84,26
84,9
84,283
85,196
85,67
85,187
85,269
85,55
85,68
85,185
85,165
85,64
85,267
85,222
85,275
85,243
85,198
85,259
85,62
85,171
85,158
85,157
85,115
85,27
85,138
85,290
85,113
85,286
85,72
85,94
85,151
85,229
85,233
85,136
85,54
85,141
85,25
85,253
85,145
86,29
86,94
86,53
86,288
86,88
86,173
86,101
86,213
86,195
86,42
86,75
86,33
86,299
86,95
86,281
86,59
86,103
86,193
86,291
86,210
86,148
86,118
86,110
86,128
86,149
86,151
86,139
86,124
86,147
87,101
87,161
87,246
87,13
87,153
87,106
87,53
87,218
87,116
87,73
87,234
87,248
87,5
87,189
87,130
87,59
87,16
87,87
87,137
87,282
87,168
87,290
87,98
87,34
87,95
87,149
87,96
87,75
87,255
87,179
87,17
87,92
87,112
87,41
87,77
87,131
87,266
87,235
88,270
89,282
89,93
89,189
89,54
89,220
89,235
89,55
89,57
89,211
90,254
90,255
91,113
91,293
91,26
91,167
91,36
91,75
91,241
91,200
91,214
91,232
91,283
91,142
91,20
91,159
91,22
91,90
91,266
91,157
91,40
91,228
91,224
91,245
92,177
92,117
92,269
92,25
92,200
92,151
92,79
92,162
92,239
92,97
92,266
92,185
92,176
92,232
92,103
92,143
92,86
92,246
92,227
92,295
92,24
92,281
92,263
92,120
92,53
92,237
92,222
92,152
92,140
92,244
92,268
92,52
92,251
92,288
92,74
93,225
93,62
93,284
93,251
93,154
93,146
93,137
93,70
93,43
93,139
93,6
93,27
93,135
93,61
93,39
93,72
93,171
93,97
93,150
93,282
93,110
93,191
93,45
93,149
94,245
94,11
94,273
94,19
94,281
94,276
94,280
94,90
94,177
94,170
94,171
94,204
94,141
94,277
94,41
94,12
94,279
94,8
94,38
94,157
94,182
94,146
94,142
94,4
94,20
94,218
94,134
94,128
94,55
94,193
94,83
94,15
94,29
94,107
94,165
95,24
95,52
95,147
95,64
95,241
95,262
95,4
95,26
95,97
95,7
95,265
95,48
95,85
95,146
95,84
95,20
95,297
95,179
95,119
95,60
95,200
95,1
95,166
95,93
95,6
95,186
95,168
95,45
95,152
96,133
96,273
96,261
96,268
96,287
96,63
96,237
96,207
96,221
96,228
96,90
96,65
96,96
96,191
96,171
96,131
96,294
96,224
96,243
96,148
96,31
96,18
96,267
96,70
96,10
96,252
96,5
96,55
96,154
96,80
96,118
96,269
96,56
96,28
96,12
97,127
97,17
97,141
97,240
97,54
97,258
97,223
97,225
97,106
97,104
97,114
97,170
97,128
97,267
97,140
97,247
97,71
97,144
97,57
97,171
97,261
97,102
97,101
97,299
97,52
97,189
97,285
97,185
97,257
97,263
97,48
98,261
98,291
98,296
98,236
98,129
98,68
98,182
98,245
98,111
98,218
98,270
98,287
98,196
98,9
98,83
98,278
98,224
98,106
98,82
98,54
98,159
98,174
98,69
98,237
98,125
98,58
98,132
98,275
98,35
98,172
98,5
98,25
99,109
99,278
99,72
99,16
99,190
99,299
99,135
99,10
99,52
99,199
99,264
99,145
99,298
99,15
99,277
99,110
99,138
99,31
99,173
99,40
99,205
99,139
99,6
99,201
99,209
99,221
99,282
100,297
100,102
100,123
100,161
100,259
100,3
100,31
100,134
101,105
101,144
101,151
101,161
101,264
101,20
101,109
101,190
101,225
101,25
101,70
101,158
101,77
101,104
101,8
101,87
101,278
101,120
101,10
101,60
101,40
101,256
101,38
101,245
101,203
101,127
101,265
101,85
101,157
102,267
102,191
102,220
102,139
102,101
102,180
102,210
102,26
102,130
102,117
102,179
102,167
102,54
102,53
102,14
103,99
103,233
103,248
103,65
103,198
103,207
104,91
104,248
104,272
104,56
104,299
104,131
104,99
104,204
104,251
104,102
104,115
104,35
104,121
104,166
104,4
104,133
104,250
105,262
105,175
105,37
105,271
105,239
105,222
105,96
105,15
105,105
105,31
105,1
105,227
105,243
105,76
105,94
105,20
105,82
105,180
105,107
105,266
105,178
106,266
106,232
106,186
106,77
106,190
106,290
106,105
106,91
106,252
106,245
106,129
106,138
106,161
106,53
106,216
106,130
106,285
106,31
106,203
107,47
107,10
107,214
107,263
107,288
107,166
107,52
107,33
107,151
107,2
107,82
107,49
107,248
107,286
107,265
107,115
107,98
107,270
107,65
107,300
107,16
107,246
107,72
107,116
107,189
107,107
107,170
107,278
107,74
107,154
107,157
107,5
107,95
107,122
107,31
107,13
107,160
107,68
108,244
109,161
109,128
109,64
109,116
109,76
109,15
109,8
109,135
109,148
109,70
109,194
109,32
109,254
109,230
109,37
109,155
109,134
109,203
109,216
109,87
109,162
109,267
109,7
109,23
109,30
109,40
109,180
109,249
110,145
110,129
110,249
110,233
110,113
111,247
111,3
111,26
111,132
111,252
111,188
111,242
111,219
111,129
111,79
111,37
111,172
111,202
111,290
111,160
111,201
111,276
111,204
111,166
111,168
111,147
112,225
112,217
112,63
113,114
113,203
113,201
113,257
113,275
113,235
113,193
114,42
114,208
114,180
114,184
114,77
114,97
114,157
114,89
114,226
114,90
114,294
114,115
114,47
114,227
114,169
114,295
114,158
114,193
114,261
114,232
114,243
114,34
114,256
114,216
114,287
114,132
114,170
114,207
114,182
114,130
114,24
115,242
115,50
115,89
115,172
115,237
115,60
115,167
115,273
115,250
115,72
115,202
115,104
115,266
115,46
116,71
116,26
116,156
116,210
116,223
116,238
116,169
116,270
116,40
116,278
116,80
116,145
116,90
116,137
116,207
116,99
116,108
116,43
116,261
116,204
116,73
116,136
116,110
116,68
116,163
116,154
116,221
116,65
116,50
116,248
117,14
118,144
118,270
118,193
118,158
118,137
118,283
118,79
118,180
118,130
118,277
118,231
118,43
118,36
118,90
118,210
118,280
118,80
118,24
118,147
118,287
118,12
118,256
118,96
118,69
118,181
118,243
118,35
118,157
118,212
119,250
119,194
120,247
120,216
120,282
120,80
120,113
120,88
120,262
120,271
120,89
120,281
120,18
120,155
120,193
120,179
120,268
120,251
120,124
120,156
120,23
120,217
120,59
120,183
120,161
120,192
120,269
120,287
120,33
120,110
120,152
121,133
121,224
121,5
121,35
121,127
121,126
121,230
121,260
122,166
122,54
122,280
122,92
122,191
122,291
122,81
122,210
122,237
123,228
123,83
123,225
123,167
123,71
123,173
123,239
123,180
123,177
123,43
123,215
123,178
123,96
123,165
123,29
123,85
123,1
123,186
123,202
123,128
123,244
123,252
123,297
123,67
124,37
124,143
124,7
124,162
124,177
124,270
124,62
124,292
124,51
124,18
124,124
124,42
124,223
124,116
124,102
124,262
124,14
124,3
124,77
124,144
124,164
124,5
124,118
124,289
124,72
124,64
124,35
124,163
124,255
125,67
125,220
125,250
125,66
125,38
125,262
125,277
125,33
125,148
125,10
125,79
125,292
125,170
125,77
125,293
125,256
125,195
125,207
126,35
126,52
126,268
127,244
127,147
127,228
127,279
127,233
127,282
127,87
127,45
127,177
127,55
127,241
127,70
127,116
127,153
127,205
128,269
128,243
128,214
128,133
128,255
128,296
128,276
128,53
128,88
128,289
128,151
128,128
128,248
128,12
128,64
128,31
128,100
128,118
128,212
128,24
128,106
128,160
128,274
128,10
128,136
128,298
128,299
128,283
128,45
128,129
128,102
128,157
128,265
129,295
129,13
129,226
129,288
129,274
129,235
129,151
129,184
129,129
129,259
129,88
129,52
129,112
130,33
130,262
130,270
130,105
130,240
130,36
130,209
130,44
130,211
130,35
131,248
131,141
131,6
131,51
131,253
131,300
131,170
131,61
131,14
131,165
131,220
131,151
131,98
131,130
131,289
131,221
131,149
131,178
131,198
131,115
131,231
131,90
131,277
131,106
131,188
131,22
131,28
131,286
131,291
131,186
131,103
131,35
131,97
131,33
131,110
131,29
131,46
131,16
132,77
132,55
132,14
132,144
132,224
132,68
132,29
132,80
132,293
132,5
132,299
132,176
132,64
132,34
132,235
132,104
132,90
132,256
132,95
132,220
132,152
132,215
132,271
132,36
132,15
132,53
132,133
132,134
133,235
133,192
133,58
133,289
133,226
133,167
133,101
133,11
133,34
133,8
133,141
133,9
133,46
133,14
133,134
133,212
133,250
134,40
134,262
134,274
134,90
134,142
134,255
134,239
134,81
134,263
134,127
134,12
134,38
134,276
134,228
134,267
134,207
134,3
134,5
134,13
134,141
134,103
134,243
134,114
134,77
134,250
134,18
134,187
134,241
134,296
134,227
134,246
134,128
134,98
135,108
135,60
135,218
135,59
135,98
135,148
135,75
135,102
135,238
135,161
135,219
135,176
135,235
135,170
135,236
135,44
136,207
136,280
136,169
136,233
136,146
136,110
136,189
136,123
136,27
136,229
136,179
136,101
136,3
136,75
136,256
136,1
136,226
136,85
136,107
136,36
136,164
136,98
136,108
136,127
136,63
136,130
136,122
136,167
136,263
136,64
136,181
136,190
136,83
136,211
136,120
136,221
136,40
136,174
137,137
137,72
137,226
137,248
137,283
137,144
137,42
137,286
137,47
137,113
137,271
137,23
137,43
137,178
137,274
137,292
137,136
137,250
137,220
137,282
137,187
137,76
137,14
137,75
137,244
137,300
137,8
137,92
137,184
137,278
137,245
137,51
138,109
138,290
138,44
138,185
138,265
138,98
138,271
138,275
138,198
139,120
139,130
139,201
139,218
139,39
139,268
139,122
139,174
139,55
139,146
139,213
139,73
140,112
140,280
140,24
140,109
140,223
140,295
140,284
140,245
140,58
140,146
140,194
140,202
140,121
140,10
140,62
140,95
140,266
140,251
140,90
140,199
140,168
140,20
140,211
140,65
140,183
140,143
140,63
140,294
140,166
140,26
140,83
140,19
140,244
141,132
141,30
141,92
141,158
141,192
141,139
141,114
141,106
141,82
141,287
141,291
141,116
141,277
141,197
141,236
141,51
141,52
141,249
141,155
141,14
141,300
141,269
141,293
141,222
141,80
141,224
141,35
141,208
141,8
141,26
142,173
142,62
142,267
142,18
142,249
142,92
142,237
142,164
142,197
142,50
142,17
142,122
142,283
142,73
142,179
142,119
142,141
142,171
142,34
142,28
142,191
142,66
142,136
142,230
142,83
142,85
142,183
142,296
142,134
142,9
142,285
142,270
142,182
142,257
142,212
142,258
143,146
143,154
143,54
143,270
143,227
143,210
143,226
143,34
143,188
143,109
143,166
143,208
143,3
143,181
143,119
143,161
143,82
143,201
143,211
143,212
143,87
143,21
143,273
143,216
143,116
143,213
143,6
143,19
143,233
144,192
144,104
144,50
144,84
144,162
144,292
144,232
144,207
144,157
144,49
144,265
144,252
144,242
144,286
145,85
145,95
145,296
145,6
145,83
145,274
145,271
145,97
145,218
145,138
145,74
145,53
145,46
145,281
145,240
145,35
145,174
145,143
145,245
145,108
145,199
145,207
145,14
145,121
146,115
146,284
146,101
146,22
146,175
146,174
146,297
146,289
146,7
146,300
146,288
146,229
146,232
146,186
146,81
146,256
146,47
146,179
146,75
146,10
146,192
146,282
146,24
146,87
146,188
146,26
146,240
146,191
146,253
146,276
146,263
146,251
146,110
146,126
146,227
146,208
146,150
146,12
146,13
147,132
147,171
147,83
147,105
147,224
147,203
147,82
147,220
147,259
147,271
147,25
147,225
147,300
147,242
147,144
147,91
147,231
147,84
147,11
147,119
147,270
147,95
148,31
148,43
148,101
148,2
148,151
148,111
148,176
148,291
148,129
148,103
148,282
148,298
148,54
148,169
148,5
148,52
148,37
148,95
148,200
148,199
148,256
148,231
148,57
148,112
148,278
148,77
148,28
148,138
148,132
148,96
148,64
148,212
148,65
148,107
148,238
148,178
148,44
148,106
148,92
149,94
149,263
149,243
149,253
149,136
149,183
149,278
149,150
149,54
149,245
149,161
149,281
149,126
149,207
149,123
149,55
149,166
149,223
149,270
149,5
149,204
149,268
149,273
149,194
149,199
149,283
149,13
149,287
149,33
150,291
150,178
150,95
150,229
150,260
150,266
150,211
150,4
150,42
150,241
150,225
150,234
150,238
150,53
150,35
150,78
150,280
150,250
150,298
150,189
150,143
150,153
150,146
150,46
150,34
150,136
150,204
150,158
150,109
150,155
150,206
150,32
150,272
150,230
150,52
150,297
151,139
151,159
151,5
151,30
151,121
151,242
151,148
151,67
151,268
151,33
151,248
151,151
151,19
151,210
151,263
151,257
151,180
151,24
151,217
151,53
151,42
151,200
151,182
151,224
151,104
151,232
151,99
151,101
151,106
151,199
151,260
151,95
151,97
152,86
152,222
152,177
152,98
152,147
153,202
153,144
153,212
153,256
153,180
153,172
153,58
153,73
154,150
154,148
154,201
154,53
154,140
154,101
154,49
154,146
154,97
154,109
154,239
154,121
154,274
154,169
154,126
154,44
154,71
154,19
154,117
155,42
155,283
155,267
155,93
155,110
155,18
155,98
155,147
155,85
155,56
155,35
155,297
155,7
155,189
155,273
155,44
155,114
155,40
155,214
155,65
155,92
155,157
155,139
155,192
155,134
155,59
155,240
155,55
156,218
156,40
156,190
156,11
156,292
156,129
156,20
156,263
156,213
156,300
156,270
156,197
156,162
156,192
156,269
156,36
156,60
156,75
156,246
156,191
156,139
156,140
156,138
156,34
156,57
156,285
156,214
157,11
157,41
157,123
157,257
157,5
157,234
157,117
157,56
157,288
157,220
157,166
157,93
157,100
157,299
157,182
157,103
157,171
158,180
158,186
158,11
158,217
158,125
158,25
158,59
158,228
158,158
158,243
158,105
158,169
158,299
158,94
158,162
158,172
158,110
158,153
158,242
158,91
158,103
158,234
158,107
158,72
158,130
158,159
158,49
158,122
158,80
158,272
158,131
158,202
158,93
158,14
158,185
158,279
158,76
158,148
158,89
159,242
159,141
159,265
159,88
159,261
159,153
159,276
159,209
159,251
159,220
159,193
159,25
160,290
160,137
160,52
160,36
160,277
160,76
160,235
160,41
160,170
160,230
160,233
160,175
160,129
160,29
160,3
160,1
160,196
160,18
160,104
160,211
160,247
160,224
160,287
160,200
160,120
161,201
161,236
161,220
161,82
161,145
161,241
161,84
161,95
161,156
161,204
161,61
161,55
161,50
161,290
161,88
161,280
161,259
161,14
161,234
161,123
161,22
161,285
161,142
161,120
161,112
161,60
161,153
161,141
161,195
161,152
161,178
161,24
161,230
161,194
161,279
161,21
162,81
162,149
162,120
162,159
162,76
162,65
162,279
162,247
162,26
162,181
162,143
162,201
162,129
162,280
162,62
162,31
162,77
162,254
162,24
162,92
162,223
162,272
162,15
162,61
162,233
162,208
162,41
162,75
162,50
162,96
162,136
162,104
162,214
162,8
162,248
162,33
162,261
163,242
163,294
163,71
163,60
163,13
163,138
163,219
163,113
163,176
163,187
163,43
163,41
163,7
163,127
163,268
163,260
163,19
163,263
163,106
163,164
163,125
163,198
163,240
163,134
163,168
163,31
163,255
163,162
163,279
164,191
164,41
164,202
164,88
164,213
164,246
164,47
164,112
164,19
164,209
164,56
164,23
164,95
164,133
164,156
164,153
164,225
164,252
164,167
164,119
164,74
164,160
164,10
164,208
164,36
164,176
165,278
165,178
165,49
165,256
165,261
165,296
165,269
165,183
165,180
165,271
165,118
165,89
165,38
165,105
165,248
165,244
165,215
165,124
165,141
165,187
165,295
165,71
165,213
165,97
165,4
165,199
165,90
165,145
165,287
165,152
165,192
165,172
165,212
165,16
165,44
165,173
165,24
166,186
166,203
166,114
166,230
166,170
166,206
166,194
166,164
166,161
166,257
166,254
166,44
166,99
166,249
166,234
166,33
166,251
166,67
166,37
166,207
166,90
166,287
166,80
166,270
166,145
167,257
167,269
167,43
167,4
167,175
167,19
167,6
167,239
167,279
167,70
167,143
167,39
167,214
167,215
167,148
167,228
167,89
167,35
167,96
167,209
167,292
167,252
167,51
167,97
167,132
167,170
167,71
167,116
167,129
167,297
167,152
167,237
167,186
167,21
167,268
167,171
167,32
167,212
168,230
168,41
168,222
168,200
168,36
168,58
169,78
169,98
169,284
169,48
169,6
169,165
169,200
169,178
169,54
169,198
169,205
169,180
169,256
169,218
169,1
169,270
169,112
169,133
169,173
169,123
169,229
169,41
169,50
169,12
169,192
170,104
170,1
170,227
170,148
170,119
170,131
170,220
170,34
170,298
170,286
170,262
170,201
170,238
170,198
170,255
170,4
170,161
170,145
171,150
171,276
171,25
171,285
171,64
171,204
171,103
171,57
171,143
171,161
171,73
171,198
171,252
171,121
171,61
171,108
171,51
171,249
171,148
171,136
171,149
171,193
171,104
171,122
171,236
171,187
171,43
171,164
171,48
172,272
172,152
172,267
172,82
172,282
173,178
173,107
173,84
173,136
173,13
173,285
173,104
173,67
173,238
173,106
173,71
173,159
173,203
174,153
174,84
174,210
174,244
175,281
175,265
175,282
175,72
175,138
175,21
175,234
175,8
175,105
175,124
175,139
175,197
175,256
175,154
175,60
175,185
175,299
175,170
175,118
175,47
175,94
175,261
175,292
175,111
176,163
176,247
176,85
176,9
176,179
176,205
176,181
176,195
176,217
176,188
176,182
176,289
176,285
176,8
176,214
176,227
176,110
176,137
176,102
176,153
176,267
176,251
176,28
176,255
176,25
176,42
176,209
176,281
176,297
177,183
177,40
177,136
177,180
177,135
177,248
177,243
177,225
177,218
177,149
177,285
177,75
177,223
177,50
177,162
177,73
177,220
177,204
177,72
177,93
177,26
177,231
177,159
177,67
178,237
178,138
178,278
178,30
178,264
178,49
178,193
178,196
178,254
178,132
178,227
178,292
178,5
178,252
178,282
178,221
178,29
178,206
178,277
178,183
178,89
178,32
178,226
178,31
179,132
179,41
179,256
179,121
179,110
179,101
179,134
179,180
179,76
179,224
179,61
179,143
179,62
179,38
179,80
179,117
179,147
179,116
179,89
179,295
179,173
179,127
179,264
179,92
179,85
179,160
179,172
179,252
179,248
179,289
179,255
179,150
180,282
180,34
180,63
180,230
180,244
180,12
180,268
180,42
180,241
180,62
180,247
180,250
180,2
180,207
180,297
180,107
180,294
180,299
180,17
180,249
180,141
180,273
180,39
180,278
180,171
180,229
180,168
180,25
180,219
180,129
180,148
180,246
180,173
180,93
181,226
181,91
181,128
181,286
182,273
182,170
182,188
182,245
182,59
182,172
182,52
182,82
182,289
182,207
182,196
182,251
182,258
182,298
182,126
182,160
183,124
183,9
183,184
183,266
183,248
183,254
183,183
183,137
183,202
183,43
183,111
183,96
183,294
183,26
183,245
183,5
183,70
183,106
183,242
183,81
183,86
183,140
183,132
183,72
183,264
183,198
183,104
183,129
184,35
184,201
184,128
184,180
184,140
184,280
184,284
184,290
184,122
184,49
184,233
184,156
184,105
185,286
185,64
186,249
186,227
186,3
186,182
186,153
186,297
186,61
186,255
186,91
186,183
186,21
186,290
186,117
186,261
186,135
186,87
186,225
186,154
186,171
186,23
186,105
186,216
186,111
186,235
186,118
186,209
186,202
186,284
186,22
186,212
186,162
187,129
187,243
187,122
187,234
187,269
187,28
187,180
187,73
187,117
187,148
187,272
187,31
188,223
188,56
188,53
188,254
189,287
190,156
191,89
191,149
191,91
191,21
191,259
191,155
191,114
191,138
191,211
191,19
191,288
191,299
191,237
191,142
191,235
191,219
191,26
191,110
191,281
191,60
191,254
191,11
191,231
192,38
192,253
192,128
192,181
192,266
192,72
192,156
192,256
192,134
192,145
192,120
192,237
192,104
192,6
192,279
192,45
192,190
192,297
192,229
193,155
193,243
193,46
193,43
193,241
193,197
193,293
193,118
193,235
193,9
193,75
193,292
193,22
193,190
193,163
193,54
193,94
193,110
193,215
193,137
193,96
193,167
193,82
194,269
194,203
194,192
194,179
194,46
194,169
194,282
194,152
194,108
194,73
195,174
195,57
195,81
195,64
195,108
195,24
196,234
196,197
196,111
196,87
196,29
196,180
196,186
196,56
196,295
196,207
196,75
196,217
196,100
196,163
196,178
196,11
196,110
196,297
196,290
196,169
196,28
196,253
196,108
196,141
196,63
196,193
196,224
196,260
196,264
196,82
196,283
196,267
196,256
196,202
197,10
197,17
197,96
197,33
197,81
197,38
197,141
197,199
197,127
197,92
197,41
197,159
197,99
197,23
198,55
198,95
198,41
198,40
198,8
198,223
198,249
198,237
198,236
198,51
198,212
198,226
198,63
198,292
198,134
198,276
198,86
199,279
199,17
199,40
199,179
199,24
199,45
200,88
200,244
200,133
200,241
200,293
201,230
201,60
201,62
201,78
202,232
202,227
202,214
202,88
202,228
202,49
202,90
202,249
202,252
202,19
202,16
202,288
202,85
202,300
202,74
202,205
202,248
202,150
202,24
202,32
202,71
202,41
202,86
202,39
202,284
203,153
203,47
203,130
203,199
203,56
203,99
203,247
203,68
203,40
203,67
203,88
203,269
203,236
203,283
203,106
203,224
203,225
203,278
203,49
203,246
203,178
203,25
203,110
203,117
203,185
203,1
203,94
203,122
203,16
203,32
203,298
203,22
203,238
203,83
203,86
204,182
204,27
204,252
204,224
204,106
204,289
204,230
204,110
204,100
204,163
204,112
204,139
204,79
204,236
204,113
204,111
204,266
204,234
204,29
204,191
204,58
205,65
205,37
205,103
205,243
205,271
205,76
205,147
205,203
205,263
205,74
205,140
205,251
205,1
205,114
205,252
205,18
205,122
206,261
206,179
206,67
206,225
206,87
206,97
206,277
206,59
206,280
206,221
206,164
206,113
206,232
206,133
206,192
206,167
206,16
206,85
206,269
206,57
206,163
206,151
206,270
206,86
206,154
207,188
207,80
207,148
207,103
208,264
208,243
208,299
208,187
208,207
208,29
208,100
208,136
208,263
208,230
208,154
208,255
208,69
208,128
208,239
208,82
208,152
208,274
208,237
208,138
208,153
209,241
209,131
209,105
209,143
209,242
209,275
209,66
209,226
209,63
209,10
209,155
209,31
209,230
209,222
209,240
209,98
209,232
209,205
210,215
210,36
210,49
210,9
210,250
210,11
210,294
210,224
210,261
210,187
210,24
210,238
210,116
210,234
210,156
210,52
210,203
210,205
211,270
211,69
211,235
211,135
211,284
211,221
211,85
211,282
211,100
211,133
211,187
211,289
211,290
211,81
211,55
211,73
211,214
211,268
211,127
211,139
211,158
211,277
211,80
211,8
211,258
211,189
211,78
211,46
211,49
211,229
211,180
211,104
211,116
211,70
211,92
212,109
212,159
212,222
212,286
212,175
212,225
213,29
213,297
213,4
213,198
213,298
213,267
214,38
214,20
214,264
214,59
214,234
214,289
214,156
214,222
214,265
214,253
214,231
214,42
214,71
214,52
214,159
214,67
214,128
214,84
214,204
214,214
214,102
214,257
214,114
214,125
214,249
214,141
214,145
214,110
214,80
214,10
214,97
214,17
214,297
214,44
214,166
215,263
215,250
215,5
215,11
215,220
215,251
215,278
215,233
215,15
215,175
215,185
215,299
215,7
215,190
215,184
215,171
215,192
215,218
215,240
215,55
215,67
215,179
215,239
215,150
215,270
215,262
215,114
215,38
215,85
215,200
215,207
215,216
215,230
216,31
216,179
216,83
216,235
216,143
216,137
216,178
216,142
216,211
216,229
216,207
216,36
216,90
216,57
216,239
216,101
216,299
216,74
216,217
217,199
217,249
217,263
217,211
217,35
217,193
217,113
217,101
217,205
217,215
217,274
217,129
217,286
217,36
217,173
217,7
217,187
217,88
217,20
217,29
217,28
217,161
217,147
217,296
217,212
217,225
217,96
217,2
217,151
217,300
217,216
217,293
217,196
217,267
217,284
217,134
217,175
218,98
218,11
218,173
218,178
218,284
218,270
218,92
218,17
218,272
218,190
218,29
218,41
218,51
218,164
218,123
218,214
218,14
218,241
219,209
219,244
219,258
219,29
219,157
219,162
219,79
219,164
219,82
219,122
219,283
219,266
219,226
219,159
219,204
219,149
219,218
219,262
219,297
219,16
219,77
219,114
219,128
219,33
219,46
220,11
220,212
220,187
220,125
221,135
221,67
221,175
221,11
221,248
221,195
221,291
221,203
221,101
221,215
221,188
221,244
221,267
221,132
221,194
221,245
221,294
221,249
221,265
221,83
221,116
221,206
221,189
221,148
221,231
221,70
221,253
221,114
221,75
221,284
221,5
221,181
221,3
221,129
221,71
221,227
221,266
221,185
222,90
222,24
222,107
222,288
222,154
223,271
223,157
223,247
223,153
223,21
223,151
223,201
223,121
223,178
223,6
223,288
223,109
223,263
223,154
223,131
223,84
223,238
223,102
223,86
223,5
223,43
223,27
223,37
223,64
223,45
223,227
223,167
223,279
223,134
223,270
223,144
223,181
224,72
225,108
225,192
225,211
225,76
225,55
225,260
225,298
225,42
225,189
225,75
225,62
225,102
225,276
225,95
225,283
225,202
225,135
225,20
225,100
225,85
225,133
225,118
225,123
225,208
225,47
225,51
225,137
225,52
225,292
225,106
225,86
225,232
225,282
225,36
225,72
225,18
225,172
226,271
226,1
226,12
226,63
226,94
226,34
226,252
226,284
226,167
226,277
226,11
226,44
226,2
226,288
227,209
227,79
227,78
227,235
227,189
227,147
227,158
227,229
227,93
227,257
227,50
227,137
227,277
227,177
227,110
227,215
227,247
227,260
227,39
227,107
227,242
227,20
227,288
227,71
228,219
228,91
228,257
228,176
228,61
228,177
228,280
228,228
228,248
228,274
228,145
228,40
229,8
229,35
229,228
229,170
229,230
229,164
229,59
229,75
229,159
229,120
229,239
229,34
229,105
229,30
229,124
229,58
229,137
229,300
229,135
229,110
229,163
229,188
229,257
229,68
230,134
231,50
231,287
231,226
232,163
232,109
232,266
232,104
232,289
232,3
232,211
233,260
233,29
233,184
233,41
233,255
233,212
233,147
233,219
233,4
233,197
233,27
233,177
233,88
233,94
233,65
233,280
233,39
233,6
233,30
233,297
233,192
233,277
233,218
233,284
233,179
233,133
234,286
234,217
234,2
234,98
234,104
234,237
234,250
234,137
234,266
234,110
234,169
234,9
234,76
234,65
234,203
234,4
234,6
234,195
234,226
234,183
234,218
234,61
234,296
234,146
234,231
234,168
234,173
234,107
234,230
234,142
234,72
235,228
235,223
235,69
235,273
235,198
235,36
235,231
235,83
235,154
235,234
235,27
235,12
235,128
235,226
235,254
235,16
235,138
235,102
235,266
235,20
235,9
235,218
235,92
235,89
235,250
235,153
235,242
235,26
235,247
235,148
235,149
235,246
235,44
235,298
235,95
235,239
235,82
235,178
235,2
236,245
236,225
236,285
236,1
236,31
236,273
236,140
236,2
237,146
237,46
237,250
237,246
237,289
237,102
237,121
237,165
237,259
237,82
237,113
237,54
237,23
238,7
238,296
238,299
238,167
238,117
238,113
238,145
238,55
238,147
238,249
238,263
238,132
238,174
238,199
238,1
238,211
238,193
238,45
238,146
238,251
238,162
238,203
238,224
238,80
238,6
238,166
238,281
238,277
238,133
238,14
238,248
239,60
239,95
239,70
239,162
239,216
239,227
239,196
239,57
239,220
239,109
239,125
239,191
239,289
239,36
239,2
239,123
239,65
239,172
239,158
239,238
239,121
239,88
239,137
239,32
239,300
240,211
240,55
240,106
240,236
240,12
240,108
240,131
240,180
240,245
240,62
240,63
240,100
240,139
240,207
240,263
240,31
240,253
240,269
240,267
240,273
241,152
241,26
241,220
241,206
241,168
241,233
241,163
241,116
241,245
241,44
241,112
241,156
241,54
241,52
241,121
241,298
241,251
241,229
241,122
241,68
241,263
241,155
241,32
241,129
241,11
241,56
241,247
241,190
241,295
241,63
241,77
241,246
241,6
241,250
241,296
241,126
241,185
241,86
241,89
242,100
242,35
242,21
242,265
242,34
242,38
242,80
242,8
242,283
242,76
242,50
242,211
242,59
242,285
242,61
242,127
242,229
242,196
242,249
242,296
242,184
242,275
242,255
242,191
242,13
242,221
242,172
242,253
243,298
243,208
243,253
243,231
243,149
243,267
243,227
243,289
243,229
243,260
243,178
243,243
243,105
243,188
243,45
243,30
243,213
243,121
243,159
243,224
243,73
243,97
243,136
243,266
243,281
243,179
243,86
243,87
243,288
243,116
243,234
243,33
243,44
243,70
244,171
244,122
244,209
244,235
244,270
244,222
244,17
244,189
244,3
244,293
244,138
244,98
244,60
244,44
244,200
244,234
245,81
245,1
245,40
245,60
245,163
245,193
245,258
245,135
245,5
245,243
245,76
245,186
245,110
245,242
245,171
245,296
245,176
245,207
245,219
245,42
245,161
245,203
245,155
245,174
245,202
245,8
245,276
245,131
245,223
245,263
245,195
245,214
245,297
245,141
245,22
245,246
245,266
245,16
245,165
246,127
246,286
246,66
246,257
247,68
247,90
247,299
247,217
247,153
247,200
247,85
247,279
247,56
247,278
247,10
247,43
247,267
247,131
247,112
247,287
247,259
247,168
247,262
247,173
247,191
247,79
247,298
247,12
247,233
247,208
247,184
247,27
247,124
247,249
247,234
247,221
247,61
248,52
248,121
248,154
248,267
248,25
248,298
248,159
248,248
248,300
248,98
248,261
248,158
248,209
248,2
248,224
248,24
248,119
248,73
248,40
248,230
248,216
248,227
248,221
248,161
248,85
248,6
248,280
248,69
248,175
248,276
248,145
248,16
248,171
248,112
248,199
249,267
249,115
249,150
249,288
249,121
249,3
249,194
249,9
249,29
249,238
249,234
249,138
249,94
249,198
249,34
249,210
249,126
249,225
249,65
249,76
249,278
249,265
249,136
249,2
249,167
249,95
249,152
249,44
249,205
249,139
249,109
249,219
249,141
250,172
250,262
250,206
250,16
250,134
250,55
250,118
250,56
250,86
250,249
250,151
250,111
250,113
250,201
250,263
250,82
250,20
250,10
250,179
250,133
250,266
250,169
250,300
250,286
250,23
250,129
250,215
250,144
250,214
250,227
250,197
250,187
250,200
251,144
251,279
251,74
251,133
251,1
251,284
251,289
251,134
251,268
251,96
251,263
251,242
251,232
251,164
251,43
251,89
251,128
251,199
252,136
252,206
252,65
252,264
252,72
252,33
252,275
252,297
252,183
252,277
252,109
252,34
252,192
252,268
252,58
252,103
252,200
252,210
252,168
252,121
252,83
252,50
252,290
252,255
252,237
252,262
252,282
252,134
252,125
252,166
252,45
252,229
252,6
252,257
252,145
253,265
253,61
253,42
253,118
253,5
253,177
253,193
253,59
253,133
253,69
253,252
253,282
253,109
253,273
253,250
253,100
253,58
253,169
253,110
253,231
253,92
253,186
254,174
254,274
254,102
254,218
254,181
254,51
254,24
255,168
255,65
255,86
255,250
255,201
255,33
255,198
255,165
255,149
255,290
255,81
255,300
255,229
255,61
255,172
255,135
255,124
255,237
255,246
255,266
255,257
255,185
255,63
255,217
255,288
255,145
255,91
255,218
255,176
255,66
255,210
255,195
255,245
255,4
255,234
256,276
256,44
256,53
256,95
256,152
256,241
256,231
257,73
257,173
257,257
257,65
257,172
258,57
258,50
258,210
258,94
258,277
258,228
258,241
258,227
258,211
258,56
258,98
258,218
258,111
258,166
258,85
258,187
258,208
258,93
258,116
258,238
258,250
258,96
258,229
258,46
258,198
258,113
258,265
258,142
258,215
258,119
258,174
258,121
258,103
258,150
258,188
258,240
258,83
258,220
258,27
259,206
259,76
259,157
259,64
259,184
259,41
259,97
259,46
259,87
259,66
259,228
259,69
259,51
259,37
259,300
259,15
259,255
259,195
259,145
259,183
259,111
259,40
259,284
259,281
259,235
259,153
259,84
259,95
259,125
260,60
260,240
260,219
260,154
260,101
260,194
260,140
260,197
260,129
260,225
260,71
260,26
260,223
260,22
260,96
260,190
261,214
261,28
261,163
261,278
261,43
261,11
261,31
261,57
261,241
261,22
261,86
261,44
261,92
261,3
261,120
261,204
261,138
261,255
261,170
261,117
261,16
262,255
262,155
262,134
262,263
263,158
263,37
263,119
263,134
263,125
263,8
263,194
263,249
263,201
263,42
263,159
263,237
263,209
263,113
263,28
263,221
263,139
263,22
263,216
263,219
263,174
263,272
263,18
263,60
263,258
263,270
263,223
263,21
263,156
263,208
263,94
263,85
263,5
263,214
263,171
263,123
263,30
263,63
264,143
265,99
265,235
265,152
265,292
265,92
265,73
265,225
265,246
265,88
265,253
265,51
265,59
265,36
265,35
265,277
265,217
265,13
265,260
265,280
265,297
265,290
265,134
265,116
265,40
265,130
265,8
265,205
265,32
265,127
265,173
265,168
265,221
265,139
265,215
265,201
265,89
266,26
266,2
266,67
266,188
266,247
266,264
266,56
266,14
266,112
266,100
266,186
266,200
266,169
266,130
266,164
266,230
266,184
266,147
266,75
266,267
266,8
266,177
266,202
266,131
266,280
266,35
266,70
266,289
266,129
266,210
266,23
266,232
267,124
267,130
267,231
267,42
267,180
267,98
267,101
267,131
267,219
267,235
267,12
267,172
267,87
267,169
267,222
267,177
267,195
267,11
267,171
268,87
268,288
268,140
268,21
268,43
268,244
268,246
268,161
268,20
268,114
268,137
268,255
268,286
269,133
269,179
269,154
269,88
269,163
269,115
269,198
269,241
269,8
269,213
269,71
269,131
269,175
269,98
269,47
269,192
269,148
269,190
269,219
269,123
269,149
269,249
269,116
269,193
269,35
269,125
269,244
269,95
269,9
269,286
269,135
269,275
269,66
269,161
269,297
269,188
270,230
270,232
270,96
270,34
270,83
270,67
270,280
271,297
271,247
271,118
271,94
271,237
271,299
271,16
271,178
271,63
271,23
271,263
271,128
271,84
271,24
271,37
271,223
271,226
271,194
271,101
271,146
271,185
271,262
271,19
271,218
272,23
272,21
272,52
272,116
272,101
272,245
272,55
272,10
272,68
272,8
272,237
272,170
272,118
272,240
272,35
272,279
272,210
273,296
273,194
273,41
273,261
273,25
273,263
273,169
274,126
274,214
274,75
274,210
274,1
274,76
274,242
274,243
274,285
274,97
274,59
274,44
274,182
274,70
274,293
274,176
275,264
275,46
275,16
275,121
276,40
276,206
276,281
276,207
276,163
276,171
276,203
276,251
276,12
276,200
276,210
276,167
276,56
276,120
276,31
276,129
276,202
276,256
276,237
276,246
276,78
276,145
276,28
276,197
276,289
276,274
276,287
276,60
276,61
276,141
277,96
277,134
277,48
277,231
277,149
277,158
277,167
277,257
277,105
277,258
277,169
277,126
277,14
277,153
277,25
277,288
277,124
277,132
277,127
277,92
277,213
277,104
277,265
277,262
277,99
277,110
277,192
277,186
277,111
277,4
277,18
277,286
277,136
278,151
278,91
278,226
278,13
278,1
279,117
279,232
279,250
279,42
279,293
279,256
279,251
279,123
279,252
279,11
279,192
279,131
279,113
279,104
279,146
279,122
279,43
279,273
279,94
279,48
280,147
280,1
280,204
280,128
280,291
280,70
280,276
280,145
280,48
280,262
280,113
280,53
280,180
280,75
280,275
280,87
280,214
280,36
280,108
280,117
280,258
280,122
280,74
280,111
280,80
280,237
281,152
281,65
281,77
281,283
281,115
281,158
281,291
281,118
282,158
282,166
282,161
282,182
282,245
282,32
282,110
282,259
282,92
282,74
282,225
282,152
282,128
282,280
282,230
282,167
282,108
282,233
282,198
282,11
282,188
282,202
282,38
282,157
282,84
282,72
282,181
282,138
282,60
282,87
282,127
282,23
283,237
283,139
283,219
283,115
283,92
283,47
283,235
283,187
283,190
283,197
283,195
283,123
283,56
283,277
283,268
283,103
283,220
283,203
283,298
283,65
283,38
283,10
283,40
284,164
284,110
284,290
284,224
284,129
284,279
284,233
284,203
284,297
284,270
284,26
284,213
284,99
284,268
284,226
284,257
284,245
284,20
284,120
285,195
285,251
285,5
285,269
285,35
285,229
285,96
285,188
285,91
285,153
285,173
285,52
285,172
285,202
286,160
286,182
286,11
286,215
286,218
286,52
287,162
287,37
287,107
287,90
287,9
287,292
287,257
287,253
287,148
287,31
287,122
287,276
287,227
287,239
287,65
287,61
287,141
287,99
287,113
287,230
287,216
287,212
287,222
287,200
287,152
287,118
287,149
287,104
287,20
287,229
287,23
287,133
287,137
287,85
287,24
288,101
288,261
288,183
288,148
288,78
288,290
288,36
288,34
288,280
289,107
289,79
289,147
289,216
289,138
289,29
289,288
289,237
289,73
289,23
289,72
289,75
289,157
289,181
289,133
289,272
289,175
289,111
289,33
289,165
289,62
290,269
290,108
290,297
290,230
290,220
290,145
290,168
290,286
290,126
290,185
290,177
290,210
290,55
290,290
290,296
290,131
290,84
290,46
290,153
291,116
291,11
291,39
291,260
291,89
291,72
291,195
291,279
291,261
291,228
291,59
291,117
291,240
291,115
291,242
291,6
291,229
291,51
291,284
292,44
292,70
292,38
292,5
292,127
292,31
292,16
293,111
293,294
293,73
293,135
293,282
293,52
293,37
293,295
293,166
293,110
293,272
293,7
293,80
293,9
293,194
293,58
293,53
293,25
293,156
293,20
293,74
293,61
293,276
293,69
293,155
293,93
293,283
293,160
293,173
293,213
293,102
293,297
293,149
293,4
293,170
293,57
294,202
294,289
294,243
294,100
294,187
294,151
294,57
294,190
294,101
294,216
294,15
294,285
294,22
294,265
294,77
294,85
294,225
294,193
294,208
294,130
294,207
294,97
295,79
295,118
295,196
295,5
295,262
295,238
295,13
295,143
295,132
295,193
295,56
295,244
295,93
295,90
295,211
295,50
295,122
295,239
296,161
296,10
296,37
296,83
296,243
297,230
297,45
297,64
297,269
297,73
297,292
297,283
297,222
297,257
297,41
297,264
297,174
297,132
297,146
297,63
297,2
297,239
297,234
297,127
297,92
297,284
297,262
297,191
297,123
297,136
297,20
297,274
297,120
297,56
297,110
297,273
297,153
297,275
297,202
298,130
298,221
298,242
298,145
298,75
298,78
299,26
299,245
299,264
299,67
299,145
299,160
299,45
299,30
299,105
299,223
299,9
299,172
299,195
299,103
299,199
300,2
300,226
300,290
300,245
300,20
300,192
300,77
300,169
300,16
300,80
300,55
300,121
300,15
