journeyId,destinationId,startDate,endDate
0,90,2008-10-22,2008-10-26
0,108,2008-10-26,2008-10-27
0,70,2008-10-27,2008-11-03
0,59,2008-11-03,2008-11-13
0,123,2008-11-13,2008-11-17
0,54,2008-11-17,2008-11-18
0,38,2008-11-18,2008-11-24
1,108,2009-08-06,2009-08-15
1,178,2009-08-15,2009-08-17
1,7,2009-08-17,2009-08-25
1,76,2009-08-25,2009-08-28
2,167,2008-04-01,2008-04-07
2,119,2008-04-07,2008-04-10
2,186,2008-04-10,2008-04-12
3,190,2012-01-06,2012-01-16
3,158,2012-01-16,2012-01-17
4,81,2008-07-29,2008-08-06
4,173,2008-08-06,2008-08-16
4,70,2008-08-16,2008-08-17
4,175,2008-08-17,2008-08-24
4,197,2008-08-24,2008-08-29
4,97,2008-08-29,2008-09-06
4,139,2008-09-06,2008-09-12
4,2,2008-09-12,2008-09-15
5,122,2015-07-22,2015-07-27
5,144,2015-07-27,2015-08-06
5,199,2015-08-06,2015-08-09
5,65,2015-08-09,2015-08-15
5,118,2015-08-15,2015-08-17
5,163,2015-08-17,2015-08-23
5,74,2015-08-23,2015-08-31
5,182,2015-08-31,2015-09-02
6,201,2018-08-15,2018-08-16
6,67,2018-08-16,2018-08-20
7,26,2021-07-27,2021-07-30
7,14,2021-07-30,2021-08-03
7,21,2021-08-03,2021-08-13
7,128,2021-08-13,2021-08-23
7,102,2021-08-23,2021-09-01
7,65,2021-09-01,2021-09-11
8,136,2011-02-11,2011-02-17
8,57,2011-02-17,2011-02-24
8,154,2011-02-24,2011-03-01
8,27,2011-03-01,2011-03-09
8,147,2011-03-09,2011-03-16
8,107,2011-03-16,2011-03-17
8,101,2011-03-17,2011-03-27
8,104,2011-03-27,2011-04-01
9,19,2014-04-22,2014-04-30
9,40,2014-04-30,2014-05-01
9,41,2014-05-01,2014-05-06
9,171,2014-05-06,2014-05-07
9,56,2014-05-07,2014-05-10
10,73,2018-07-27,2018-07-28
11,1,2010-11-23,2010-11-24
11,112,2010-11-24,2010-11-25
11,182,2010-11-25,2010-12-03
11,155,2010-12-03,2010-12-04
11,115,2010-12-04,2010-12-12
12,43,2012-12-05,2012-12-07
12,73,2012-12-07,2012-12-09
12,77,2012-12-09,2012-12-11
12,134,2012-12-11,2012-12-18
12,189,2012-12-18,2012-12-28
12,27,2012-12-28,2013-01-05
12,197,2013-01-05,2013-01-13
12,60,2013-01-13,2013-01-20
12,54,2013-01-20,2013-01-24
13,127,2020-11-17,2020-11-25
13,74,2020-11-25,2020-12-05
14,15,2010-07-03,2010-07-07
14,87,2010-07-07,2010-07-16
14,80,2010-07-16,2010-07-17
14,89,2010-07-17,2010-07-20
14,121,2010-07-20,2010-07-26
14,129,2010-07-26,2010-08-04
15,15,2019-07-03,2019-07-12
15,145,2019-07-12,2019-07-14
15,120,2019-07-14,2019-07-22
15,24,2019-07-22,2019-07-28
15,65,2019-07-28,2019-08-06
15,195,2019-08-06,2019-08-14
15,91,2019-08-14,2019-08-16
15,104,2019-08-16,2019-08-21
15,123,2019-08-21,2019-08-22
16,67,2010-10-31,2010-11-01
16,105,2010-11-01,2010-11-11
16,185,2010-11-11,2010-11-21
16,139,2010-11-21,2010-11-22
16,128,2010-11-22,2010-11-30
16,141,2010-11-30,2010-12-04
16,132,2010-12-04,2010-12-14
16,11,2010-12-14,2010-12-24
17,11,2020-09-15,2020-09-23
17,99,2020-09-23,2020-09-28
17,56,2020-09-28,2020-10-02
17,184,2020-10-02,2020-10-11
17,77,2020-10-11,2020-10-17
17,35,2020-10-17,2020-10-25
18,140,2013-12-25,2013-12-29
18,51,2013-12-29,2014-01-06
18,182,2014-01-06,2014-01-12
18,47,2014-01-12,2014-01-20
19,199,2015-06-06,2015-06-15
19,76,2015-06-15,2015-06-16
19,128,2015-06-16,2015-06-25
19,157,2015-06-25,2015-06-26
19,83,2015-06-26,2015-06-29
19,22,2015-06-29,2015-07-06
19,80,2015-07-06,2015-07-08
19,195,2015-07-08,2015-07-14
19,183,2015-07-14,2015-07-16
20,169,2015-09-19,2015-09-26
20,118,2015-09-26,2015-10-01
20,113,2015-10-01,2015-10-03
20,33,2015-10-03,2015-10-06
20,115,2015-10-06,2015-10-07
20,139,2015-10-07,2015-10-17
21,37,2012-03-31,2012-04-04
21,169,2012-04-04,2012-04-14
21,92,2012-04-14,2012-04-16
21,94,2012-04-16,2012-04-20
21,19,2012-04-20,2012-04-25
21,14,2012-04-25,2012-04-28
21,23,2012-04-28,2012-05-05
22,26,2018-07-15,2018-07-23
22,102,2018-07-23,2018-07-31
22,170,2018-07-31,2018-08-05
22,106,2018-08-05,2018-08-10
22,50,2018-08-10,2018-08-17
23,148,2022-04-19,2022-04-27
23,75,2022-04-27,2022-05-04
23,193,2022-05-04,2022-05-05
23,130,2022-05-05,2022-05-08
23,155,2022-05-08,2022-05-12
23,18,2022-05-12,2022-05-20
23,95,2022-05-20,2022-05-22
23,111,2022-05-22,2022-05-27
24,92,2009-09-25,2009-09-30
24,78,2009-09-30,2009-10-03
24,63,2009-10-03,2009-10-06
24,157,2009-10-06,2009-10-11
24,24,2009-10-11,2009-10-20
24,121,2009-10-20,2009-10-30
24,95,2009-10-30,2009-10-31
24,140,2009-10-31,2009-11-01
25,200,2016-11-04,2016-11-07
25,21,2016-11-07,2016-11-08
25,54,2016-11-08,2016-11-10
26,55,2008-01-12,2008-01-13
26,86,2008-01-13,2008-01-22
26,176,2008-01-22,2008-01-24
26,184,2008-01-24,2008-01-29
26,17,2008-01-29,2008-02-04
26,140,2008-02-04,2008-02-14
26,193,2008-02-14,2008-02-17
26,19,2008-02-17,2008-02-25
27,145,2010-01-07,2010-01-16
27,140,2010-01-16,2010-01-24
28,37,2008-01-13,2008-01-18
28,8,2008-01-18,2008-01-22
28,14,2008-01-22,2008-01-28
28,108,2008-01-28,2008-01-30
28,31,2008-01-30,2008-01-31
29,177,2016-10-12,2016-10-14
29,84,2016-10-14,2016-10-19
29,128,2016-10-19,2016-10-27
29,135,2016-10-27,2016-10-29
29,68,2016-10-29,2016-10-31
29,47,2016-10-31,2016-11-07
29,183,2016-11-07,2016-11-10
30,20,2017-04-22,2017-04-28
31,100,2008-09-11,2008-09-20
31,66,2008-09-20,2008-09-28
32,3,2012-07-06,2012-07-14
32,150,2012-07-14,2012-07-17
32,93,2012-07-17,2012-07-26
33,202,2017-06-12,2017-06-16
33,66,2017-06-16,2017-06-25
33,95,2017-06-25,2017-06-30
34,74,2019-10-02,2019-10-06
34,19,2019-10-06,2019-10-09
34,148,2019-10-09,2019-10-19
34,35,2019-10-19,2019-10-21
35,176,2018-05-21,2018-05-30
35,174,2018-05-30,2018-06-06
35,2,2018-06-06,2018-06-12
35,181,2018-06-12,2018-06-17
35,72,2018-06-17,2018-06-21
36,81,2017-09-17,2017-09-23
36,23,2017-09-23,2017-09-28
36,168,2017-09-28,2017-10-04
36,147,2017-10-04,2017-10-12
37,186,2010-03-08,2010-03-16
37,136,2010-03-16,2010-03-25
37,129,2010-03-25,2010-03-30
37,184,2010-03-30,2010-04-04
38,77,2022-01-19,2022-01-25
38,76,2022-01-25,2022-01-29
38,55,2022-01-29,2022-01-31
38,180,2022-01-31,2022-02-09
38,187,2022-02-09,2022-02-19
38,89,2022-02-19,2022-02-20
38,13,2022-02-20,2022-02-22
39,128,2008-03-06,2008-03-07
39,59,2008-03-07,2008-03-13
39,43,2008-03-13,2008-03-22
39,173,2008-03-22,2008-03-29
39,168,2008-03-29,2008-04-07
39,201,2008-04-07,2008-04-17
39,20,2008-04-17,2008-04-18
39,151,2008-04-18,2008-04-22
40,47,2017-02-27,2017-03-07
40,37,2017-03-07,2017-03-11
40,128,2017-03-11,2017-03-19
40,2,2017-03-19,2017-03-23
40,19,2017-03-23,2017-03-24
40,41,2017-03-24,2017-04-01
40,3,2017-04-01,2017-04-05
40,68,2017-04-05,2017-04-08
41,57,2013-08-20,2013-08-28
41,54,2013-08-28,2013-08-31
41,106,2013-08-31,2013-09-06
41,107,2013-09-06,2013-09-13
41,21,2013-09-13,2013-09-17
41,140,2013-09-17,2013-09-26
41,130,2013-09-26,2013-10-06
42,193,2009-11-25,2009-11-30
42,197,2009-11-30,2009-12-05
42,90,2009-12-05,2009-12-13
42,75,2009-12-13,2009-12-14
42,24,2009-12-14,2009-12-19
43,123,2010-06-18,2010-06-27
43,23,2010-06-27,2010-06-30
43,141,2010-06-30,2010-07-08
44,35,2020-09-14,2020-09-18
44,174,2020-09-18,2020-09-26
44,37,2020-09-26,2020-09-27
44,183,2020-09-27,2020-10-01
45,75,2015-06-14,2015-06-24
45,107,2015-06-24,2015-07-04
45,89,2015-07-04,2015-07-09
46,23,2020-03-25,2020-03-27
46,50,2020-03-27,2020-04-05
46,74,2020-04-05,2020-04-09
46,144,2020-04-09,2020-04-18
46,106,2020-04-18,2020-04-22
46,69,2020-04-22,2020-04-25
46,159,2020-04-25,2020-05-01
46,15,2020-05-01,2020-05-08
47,189,2011-04-22,2011-04-23
47,133,2011-04-23,2011-04-30
47,127,2011-04-30,2011-05-08
47,3,2011-05-08,2011-05-18
47,43,2011-05-18,2011-05-27
47,192,2011-05-27,2011-06-02
48,120,2009-09-25,2009-10-03
48,14,2009-10-03,2009-10-13
48,57,2009-10-13,2009-10-16
48,175,2009-10-16,2009-10-19
48,88,2009-10-19,2009-10-28
48,178,2009-10-28,2009-11-03
48,4,2009-11-03,2009-11-11
49,145,2013-05-19,2013-05-20
49,98,2013-05-20,2013-05-22
49,37,2013-05-22,2013-06-01
49,124,2013-06-01,2013-06-04
49,162,2013-06-04,2013-06-12
49,121,2013-06-12,2013-06-16
49,149,2013-06-16,2013-06-17
49,142,2013-06-17,2013-06-27
49,30,2013-06-27,2013-07-02
50,54,2018-01-28,2018-02-02
50,65,2018-02-02,2018-02-06
50,19,2018-02-06,2018-02-11
50,93,2018-02-11,2018-02-16
50,142,2018-02-16,2018-02-17
50,16,2018-02-17,2018-02-27
50,32,2018-02-27,2018-03-09
50,42,2018-03-09,2018-03-12
50,131,2018-03-12,2018-03-22
51,61,2010-08-11,2010-08-19
51,112,2010-08-19,2010-08-28
51,82,2010-08-28,2010-09-01
51,59,2010-09-01,2010-09-06
51,50,2010-09-06,2010-09-12
52,43,2014-05-13,2014-05-22
52,186,2014-05-22,2014-05-28
52,63,2014-05-28,2014-06-02
52,133,2014-06-02,2014-06-11
52,65,2014-06-11,2014-06-15
52,77,2014-06-15,2014-06-20
52,49,2014-06-20,2014-06-23
52,46,2014-06-23,2014-07-02
52,138,2014-07-02,2014-07-08
53,196,2021-12-22,2021-12-27
53,19,2021-12-27,2021-12-29
54,117,2022-11-27,2022-11-30
54,38,2022-11-30,2022-12-05
54,190,2022-12-05,2022-12-10
54,177,2022-12-10,2022-12-16
54,99,2022-12-16,2022-12-21
54,143,2022-12-21,2022-12-25
55,190,2010-10-19,2010-10-21
55,13,2010-10-21,2010-10-30
55,49,2010-10-30,2010-11-09
55,124,2010-11-09,2010-11-11
56,8,2013-08-14,2013-08-15
56,86,2013-08-15,2013-08-20
56,7,2013-08-20,2013-08-29
56,58,2013-08-29,2013-08-31
57,19,2012-11-09,2012-11-12
57,63,2012-11-12,2012-11-17
57,113,2012-11-17,2012-11-20
57,137,2012-11-20,2012-11-21
58,125,2012-05-12,2012-05-21
58,67,2012-05-21,2012-05-28
58,1,2012-05-28,2012-06-06
58,155,2012-06-06,2012-06-13
58,95,2012-06-13,2012-06-19
58,34,2012-06-19,2012-06-24
58,45,2012-06-24,2012-06-30
58,94,2012-06-30,2012-07-09
58,44,2012-07-09,2012-07-17
59,25,2011-11-28,2011-11-30
59,165,2011-11-30,2011-12-03
59,173,2011-12-03,2011-12-13
60,22,2010-11-19,2010-11-28
60,122,2010-11-28,2010-12-03
61,89,2022-01-23,2022-02-02
61,172,2022-02-02,2022-02-12
61,188,2022-02-12,2022-02-19
61,154,2022-02-19,2022-03-01
61,107,2022-03-01,2022-03-04
61,93,2022-03-04,2022-03-10
62,2,2019-03-03,2019-03-09
62,153,2019-03-09,2019-03-17
62,196,2019-03-17,2019-03-26
62,54,2019-03-26,2019-03-30
62,55,2019-03-30,2019-04-03
62,40,2019-04-03,2019-04-13
62,61,2019-04-13,2019-04-14
62,11,2019-04-14,2019-04-21
63,93,2011-11-17,2011-11-21
63,26,2011-11-21,2011-11-22
63,108,2011-11-22,2011-11-24
63,6,2011-11-24,2011-11-27
63,147,2011-11-27,2011-11-30
63,60,2011-11-30,2011-12-08
63,91,2011-12-08,2011-12-18
64,108,2018-10-06,2018-10-12
65,130,2009-03-10,2009-03-18
65,7,2009-03-18,2009-03-20
65,131,2009-03-20,2009-03-28
65,35,2009-03-28,2009-04-02
65,47,2009-04-02,2009-04-06
65,8,2009-04-06,2009-04-15
65,4,2009-04-15,2009-04-25
65,45,2009-04-25,2009-04-29
66,36,2011-05-05,2011-05-13
66,134,2011-05-13,2011-05-21
66,82,2011-05-21,2011-05-26
66,89,2011-05-26,2011-06-05
67,144,2010-12-01,2010-12-03
67,114,2010-12-03,2010-12-09
67,9,2010-12-09,2010-12-19
67,69,2010-12-19,2010-12-23
67,95,2010-12-23,2010-12-26
67,88,2010-12-26,2010-12-27
68,173,2013-04-18,2013-04-22
68,146,2013-04-22,2013-04-27
69,196,2021-01-13,2021-01-23
69,134,2021-01-23,2021-01-31
69,61,2021-01-31,2021-02-09
69,127,2021-02-09,2021-02-17
69,132,2021-02-17,2021-02-20
69,4,2021-02-20,2021-03-01
69,181,2021-03-01,2021-03-11
70,114,2015-03-24,2015-04-03
70,99,2015-04-03,2015-04-10
70,89,2015-04-10,2015-04-13
70,39,2015-04-13,2015-04-21
71,21,2012-03-23,2012-03-27
71,58,2012-03-27,2012-04-06
71,12,2012-04-06,2012-04-12
72,175,2018-01-29,2018-02-04
73,43,2016-10-03,2016-10-09
73,71,2016-10-09,2016-10-14
73,1,2016-10-14,2016-10-17
73,67,2016-10-17,2016-10-25
73,116,2016-10-25,2016-11-01
73,189,2016-11-01,2016-11-08
73,20,2016-11-08,2016-11-12
74,73,2019-05-18,2019-05-26
74,82,2019-05-26,2019-05-27
75,47,2014-01-29,2014-02-02
75,200,2014-02-02,2014-02-03
75,54,2014-02-03,2014-02-06
75,71,2014-02-06,2014-02-15
76,151,2018-04-28,2018-05-02
76,7,2018-05-02,2018-05-09
76,18,2018-05-09,2018-05-13
77,162,2008-02-14,2008-02-20
77,134,2008-02-20,2008-02-27
77,113,2008-02-27,2008-03-08
77,100,2008-03-08,2008-03-18
77,86,2008-03-18,2008-03-20
77,67,2008-03-20,2008-03-23
77,138,2008-03-23,2008-03-31
77,33,2008-03-31,2008-04-10
77,157,2008-04-10,2008-04-16
78,100,2008-12-19,2008-12-22
78,77,2008-12-22,2008-12-27
78,116,2008-12-27,2009-01-06
78,65,2009-01-06,2009-01-16
79,26,2012-02-03,2012-02-09
80,70,2008-08-25,2008-09-01
80,87,2008-09-01,2008-09-08
80,99,2008-09-08,2008-09-13
80,5,2008-09-13,2008-09-16
80,78,2008-09-16,2008-09-22
80,36,2008-09-22,2008-09-29
80,31,2008-09-29,2008-10-02
80,55,2008-10-02,2008-10-03
81,104,2014-03-14,2014-03-22
81,122,2014-03-22,2014-04-01
81,132,2014-04-01,2014-04-02
81,66,2014-04-02,2014-04-08
81,98,2014-04-08,2014-04-14
81,176,2014-04-14,2014-04-19
82,82,2008-06-17,2008-06-22
82,167,2008-06-22,2008-06-23
82,124,2008-06-23,2008-06-24
82,150,2008-06-24,2008-06-27
82,106,2008-06-27,2008-06-28
83,134,2022-12-11,2022-12-20
83,64,2022-12-20,2022-12-27
83,113,2022-12-27,2023-01-05
84,25,2013-11-02,2013-11-03
84,105,2013-11-03,2013-11-06
84,134,2013-11-06,2013-11-09
84,182,2013-11-09,2013-11-17
84,97,2013-11-17,2013-11-21
84,53,2013-11-21,2013-11-22
85,81,2021-10-21,2021-10-23
85,23,2021-10-23,2021-10-31
85,132,2021-10-31,2021-11-07
86,89,2019-03-06,2019-03-08
86,19,2019-03-08,2019-03-13
86,111,2019-03-13,2019-03-18
86,88,2019-03-18,2019-03-19
86,35,2019-03-19,2019-03-21
87,177,2016-02-14,2016-02-19
87,5,2016-02-19,2016-02-24
87,131,2016-02-24,2016-03-03
87,52,2016-03-03,2016-03-07
87,56,2016-03-07,2016-03-15
88,39,2021-06-23,2021-07-02
88,18,2021-07-02,2021-07-12
88,78,2021-07-12,2021-07-21
88,182,2021-07-21,2021-07-26
88,42,2021-07-26,2021-07-27
88,199,2021-07-27,2021-08-02
88,61,2021-08-02,2021-08-09
88,2,2021-08-09,2021-08-12
89,160,2009-10-26,2009-10-28
90,161,2019-02-02,2019-02-11
90,100,2019-02-11,2019-02-12
90,35,2019-02-12,2019-02-20
90,197,2019-02-20,2019-02-28
90,176,2019-02-28,2019-03-05
90,154,2019-03-05,2019-03-15
90,168,2019-03-15,2019-03-20
90,187,2019-03-20,2019-03-27
91,95,2014-08-22,2014-08-31
91,142,2014-08-31,2014-09-10
91,69,2014-09-10,2014-09-20
91,163,2014-09-20,2014-09-25
91,130,2014-09-25,2014-10-03
91,96,2014-10-03,2014-10-13
91,51,2014-10-13,2014-10-17
91,48,2014-10-17,2014-10-19
91,67,2014-10-19,2014-10-22
92,12,2020-01-07,2020-01-15
92,111,2020-01-15,2020-01-18
92,115,2020-01-18,2020-01-19
93,90,2014-06-12,2014-06-22
93,185,2014-06-22,2014-06-29
93,102,2014-06-29,2014-07-07
93,59,2014-07-07,2014-07-14
94,5,2012-10-16,2012-10-23
94,54,2012-10-23,2012-10-31
95,32,2022-06-09,2022-06-11
95,28,2022-06-11,2022-06-14
95,195,2022-06-14,2022-06-23
95,24,2022-06-23,2022-06-28
95,169,2022-06-28,2022-06-29
95,157,2022-06-29,2022-06-30
95,100,2022-06-30,2022-07-03
95,48,2022-07-03,2022-07-07
96,166,2011-10-11,2011-10-21
96,168,2011-10-21,2011-10-25
96,60,2011-10-25,2011-11-01
96,112,2011-11-01,2011-11-09
97,141,2017-10-18,2017-10-24
97,49,2017-10-24,2017-11-02
97,32,2017-11-02,2017-11-12
98,130,2009-03-01,2009-03-09
99,100,2015-01-05,2015-01-11
99,149,2015-01-11,2015-01-15
99,65,2015-01-15,2015-01-19
99,77,2015-01-19,2015-01-25
99,3,2015-01-25,2015-01-30
100,7,2014-01-20,2014-01-28
100,197,2014-01-28,2014-01-30
100,147,2014-01-30,2014-02-01
100,202,2014-02-01,2014-02-05
100,67,2014-02-05,2014-02-12
101,202,2016-05-06,2016-05-14
101,192,2016-05-14,2016-05-22
101,74,2016-05-22,2016-05-31
101,115,2016-05-31,2016-06-04
101,69,2016-06-04,2016-06-05
101,203,2016-06-05,2016-06-11
101,14,2016-06-11,2016-06-21
101,45,2016-06-21,2016-06-22
102,90,2013-11-01,2013-11-08
102,13,2013-11-08,2013-11-11
102,153,2013-11-11,2013-11-16
102,148,2013-11-16,2013-11-20
102,9,2013-11-20,2013-11-25
103,148,2019-06-11,2019-06-18
103,82,2019-06-18,2019-06-20
103,146,2019-06-20,2019-06-28
103,52,2019-06-28,2019-07-04
103,81,2019-07-04,2019-07-11
103,142,2019-07-11,2019-07-15
103,105,2019-07-15,2019-07-16
103,193,2019-07-16,2019-07-26
103,60,2019-07-26,2019-07-28
104,105,2017-01-17,2017-01-24
105,121,2019-10-23,2019-10-27
105,111,2019-10-27,2019-11-03
105,25,2019-11-03,2019-11-08
105,200,2019-11-08,2019-11-15
105,53,2019-11-15,2019-11-21
106,42,2021-09-30,2021-10-08
106,38,2021-10-08,2021-10-12
106,177,2021-10-12,2021-10-13
106,49,2021-10-13,2021-10-20
106,178,2021-10-20,2021-10-25
106,158,2021-10-25,2021-10-27
107,121,2011-02-10,2011-02-15
107,165,2011-02-15,2011-02-18
107,70,2011-02-18,2011-02-25
107,45,2011-02-25,2011-02-28
107,92,2011-02-28,2011-03-04
107,202,2011-03-04,2011-03-06
107,190,2011-03-06,2011-03-10
107,69,2011-03-10,2011-03-20
108,35,2022-05-08,2022-05-10
108,121,2022-05-10,2022-05-13
108,126,2022-05-13,2022-05-15
108,11,2022-05-15,2022-05-20
108,180,2022-05-20,2022-05-27
109,12,2012-03-10,2012-03-19
109,127,2012-03-19,2012-03-29
109,122,2012-03-29,2012-04-08
109,139,2012-04-08,2012-04-13
109,142,2012-04-13,2012-04-17
109,171,2012-04-17,2012-04-25
109,129,2012-04-25,2012-04-29
109,46,2012-04-29,2012-05-07
110,196,2014-07-03,2014-07-08
110,28,2014-07-08,2014-07-09
110,20,2014-07-09,2014-07-11
110,193,2014-07-11,2014-07-13
110,121,2014-07-13,2014-07-18
110,84,2014-07-18,2014-07-25
110,192,2014-07-25,2014-07-28
111,106,2010-02-02,2010-02-08
111,71,2010-02-08,2010-02-12
112,171,2016-01-24,2016-02-01
112,163,2016-02-01,2016-02-06
112,138,2016-02-06,2016-02-12
112,68,2016-02-12,2016-02-16
112,16,2016-02-16,2016-02-20
112,88,2016-02-20,2016-02-23
113,85,2013-08-08,2013-08-10
113,29,2013-08-10,2013-08-16
113,72,2013-08-16,2013-08-24
113,190,2013-08-24,2013-08-27
113,191,2013-08-27,2013-08-31
113,156,2013-08-31,2013-09-10
114,15,2022-04-17,2022-04-19
114,160,2022-04-19,2022-04-28
114,88,2022-04-28,2022-04-29
114,26,2022-04-29,2022-04-30
114,19,2022-04-30,2022-05-08
114,133,2022-05-08,2022-05-09
115,62,2015-05-29,2015-05-30
115,30,2015-05-30,2015-06-09
115,143,2015-06-09,2015-06-18
115,104,2015-06-18,2015-06-28
115,96,2015-06-28,2015-06-29
115,13,2015-06-29,2015-07-05
115,19,2015-07-05,2015-07-13
115,39,2015-07-13,2015-07-23
116,186,2017-05-23,2017-05-30
116,4,2017-05-30,2017-06-03
116,120,2017-06-03,2017-06-05
116,141,2017-06-05,2017-06-09
116,19,2017-06-09,2017-06-15
116,53,2017-06-15,2017-06-20
117,175,2017-02-09,2017-02-10
117,93,2017-02-10,2017-02-14
117,174,2017-02-14,2017-02-18
117,35,2017-02-18,2017-02-19
118,36,2010-07-21,2010-07-24
118,38,2010-07-24,2010-07-28
118,90,2010-07-28,2010-07-30
118,185,2010-07-30,2010-08-09
118,51,2010-08-09,2010-08-12
118,41,2010-08-12,2010-08-14
119,91,2010-06-15,2010-06-18
119,177,2010-06-18,2010-06-24
119,9,2010-06-24,2010-06-25
120,98,2018-09-10,2018-09-20
120,104,2018-09-20,2018-09-22
120,78,2018-09-22,2018-09-27
120,91,2018-09-27,2018-10-03
120,175,2018-10-03,2018-10-11
121,107,2022-06-05,2022-06-11
121,80,2022-06-11,2022-06-17
121,162,2022-06-17,2022-06-22
121,168,2022-06-22,2022-07-02
121,96,2022-07-02,2022-07-12
121,12,2022-07-12,2022-07-13
121,21,2022-07-13,2022-07-16
122,162,2018-08-14,2018-08-23
122,18,2018-08-23,2018-09-01
122,157,2018-09-01,2018-09-08
122,151,2018-09-08,2018-09-10
122,159,2018-09-10,2018-09-17
122,136,2018-09-17,2018-09-19
122,163,2018-09-19,2018-09-21
122,79,2018-09-21,2018-09-22
122,134,2018-09-22,2018-10-02
123,56,2021-04-09,2021-04-14
123,159,2021-04-14,2021-04-15
123,10,2021-04-15,2021-04-16
123,121,2021-04-16,2021-04-25
123,137,2021-04-25,2021-05-02
123,101,2021-05-02,2021-05-08
123,168,2021-05-08,2021-05-13
123,132,2021-05-13,2021-05-21
124,33,2012-05-24,2012-05-29
124,3,2012-05-29,2012-06-07
124,177,2012-06-07,2012-06-09
124,140,2012-06-09,2012-06-14
124,40,2012-06-14,2012-06-17
124,146,2012-06-17,2012-06-21
124,112,2012-06-21,2012-06-30
124,46,2012-06-30,2012-07-07
125,182,2012-01-04,2012-01-13
125,56,2012-01-13,2012-01-21
125,136,2012-01-21,2012-01-29
125,51,2012-01-29,2012-02-05
125,52,2012-02-05,2012-02-15
125,192,2012-02-15,2012-02-25
125,199,2012-02-25,2012-02-28
126,79,2014-07-28,2014-07-30
126,168,2014-07-30,2014-08-03
126,22,2014-08-03,2014-08-06
126,164,2014-08-06,2014-08-13
126,99,2014-08-13,2014-08-22
126,177,2014-08-22,2014-08-26
126,72,2014-08-26,2014-08-27
126,18,2014-08-27,2014-09-02
127,99,2013-12-27,2014-01-04
127,71,2014-01-04,2014-01-09
127,103,2014-01-09,2014-01-10
127,97,2014-01-10,2014-01-18
128,115,2018-06-28,2018-06-30
128,132,2018-06-30,2018-07-02
128,106,2018-07-02,2018-07-12
128,195,2018-07-12,2018-07-16
128,140,2018-07-16,2018-07-23
128,201,2018-07-23,2018-07-27
128,74,2018-07-27,2018-08-06
129,126,2009-05-29,2009-06-07
129,13,2009-06-07,2009-06-13
129,114,2009-06-13,2009-06-23
129,109,2009-06-23,2009-07-03
130,130,2018-03-24,2018-04-02
130,85,2018-04-02,2018-04-11
130,15,2018-04-11,2018-04-17
130,161,2018-04-17,2018-04-23
130,160,2018-04-23,2018-04-30
130,14,2018-04-30,2018-05-09
131,48,2009-06-30,2009-07-07
131,138,2009-07-07,2009-07-16
131,147,2009-07-16,2009-07-22
131,130,2009-07-22,2009-07-30
131,185,2009-07-30,2009-08-01
131,183,2009-08-01,2009-08-02
131,132,2009-08-02,2009-08-05
132,174,2011-12-31,2012-01-05
132,29,2012-01-05,2012-01-06
132,84,2012-01-06,2012-01-10
132,179,2012-01-10,2012-01-19
132,183,2012-01-19,2012-01-24
132,151,2012-01-24,2012-01-29
132,118,2012-01-29,2012-02-08
132,110,2012-02-08,2012-02-12
133,125,2017-01-09,2017-01-14
134,54,2012-03-19,2012-03-26
134,82,2012-03-26,2012-03-27
134,121,2012-03-27,2012-04-03
134,47,2012-04-03,2012-04-12
134,23,2012-04-12,2012-04-22
134,68,2012-04-22,2012-05-01
134,143,2012-05-01,2012-05-09
135,118,2022-03-17,2022-03-24
135,116,2022-03-24,2022-04-02
136,14,2016-09-15,2016-09-23
136,49,2016-09-23,2016-09-27
136,180,2016-09-27,2016-10-04
136,111,2016-10-04,2016-10-12
136,190,2016-10-12,2016-10-17
136,11,2016-10-17,2016-10-23
136,108,2016-10-23,2016-11-01
136,135,2016-11-01,2016-11-11
136,97,2016-11-11,2016-11-13
137,128,2022-12-06,2022-12-14
138,170,2010-12-09,2010-12-19
138,158,2010-12-19,2010-12-29
138,53,2010-12-29,2011-01-08
138,147,2011-01-08,2011-01-09
139,116,2018-10-27,2018-10-28
139,124,2018-10-28,2018-10-29
139,44,2018-10-29,2018-10-31
139,27,2018-10-31,2018-11-09
139,31,2018-11-09,2018-11-15
139,25,2018-11-15,2018-11-19
140,91,2014-06-26,2014-06-29
140,53,2014-06-29,2014-07-07
140,43,2014-07-07,2014-07-15
140,52,2014-07-15,2014-07-22
140,72,2014-07-22,2014-07-31
140,62,2014-07-31,2014-08-02
140,148,2014-08-02,2014-08-09
140,98,2014-08-09,2014-08-13
140,111,2014-08-13,2014-08-23
141,124,2010-10-18,2010-10-23
141,120,2010-10-23,2010-11-02
141,126,2010-11-02,2010-11-05
142,106,2010-03-04,2010-03-10
142,89,2010-03-10,2010-03-17
142,47,2010-03-17,2010-03-23
143,76,2019-07-20,2019-07-22
143,10,2019-07-22,2019-07-28
143,74,2019-07-28,2019-07-31
143,147,2019-07-31,2019-08-07
143,153,2019-08-07,2019-08-09
144,192,2014-03-13,2014-03-17
144,165,2014-03-17,2014-03-25
144,10,2014-03-25,2014-03-30
144,126,2014-03-30,2014-04-01
144,69,2014-04-01,2014-04-09
144,88,2014-04-09,2014-04-15
144,118,2014-04-15,2014-04-18
145,18,2022-07-07,2022-07-08
146,169,2012-05-30,2012-06-04
146,194,2012-06-04,2012-06-11
146,144,2012-06-11,2012-06-16
146,121,2012-06-16,2012-06-17
146,42,2012-06-17,2012-06-20
146,201,2012-06-20,2012-06-22
146,130,2012-06-22,2012-06-30
146,82,2012-06-30,2012-07-02
146,155,2012-07-02,2012-07-11
147,84,2017-08-06,2017-08-15
147,163,2017-08-15,2017-08-17
147,149,2017-08-17,2017-08-22
147,189,2017-08-22,2017-09-01
147,81,2017-09-01,2017-09-05
148,168,2010-02-15,2010-02-23
148,193,2010-02-23,2010-02-24
148,180,2010-02-24,2010-02-25
148,125,2010-02-25,2010-02-28
149,191,2019-08-06,2019-08-07
149,75,2019-08-07,2019-08-14
149,171,2019-08-14,2019-08-15
149,187,2019-08-15,2019-08-19
149,170,2019-08-19,2019-08-25
149,190,2019-08-25,2019-08-30
149,47,2019-08-30,2019-09-03
149,180,2019-09-03,2019-09-04
150,14,2021-05-10,2021-05-16
150,71,2021-05-16,2021-05-21
150,196,2021-05-21,2021-05-30
150,186,2021-05-30,2021-06-09
150,117,2021-06-09,2021-06-19
150,128,2021-06-19,2021-06-28
150,2,2021-06-28,2021-06-30
151,173,2013-12-11,2013-12-13
151,142,2013-12-13,2013-12-16
151,13,2013-12-16,2013-12-24
151,175,2013-12-24,2014-01-02
151,58,2014-01-02,2014-01-11
151,138,2014-01-11,2014-01-19
151,38,2014-01-19,2014-01-28
151,117,2014-01-28,2014-02-02
152,96,2020-10-10,2020-10-19
152,141,2020-10-19,2020-10-27
152,33,2020-10-27,2020-11-04
152,60,2020-11-04,2020-11-07
152,105,2020-11-07,2020-11-12
152,20,2020-11-12,2020-11-13
152,17,2020-11-13,2020-11-21
153,170,2016-01-06,2016-01-15
153,120,2016-01-15,2016-01-16
153,154,2016-01-16,2016-01-26
153,160,2016-01-26,2016-02-01
153,142,2016-02-01,2016-02-11
153,147,2016-02-11,2016-02-14
153,134,2016-02-14,2016-02-23
153,115,2016-02-23,2016-02-25
154,177,2011-09-10,2011-09-13
154,198,2011-09-13,2011-09-22
154,52,2011-09-22,2011-09-25
154,200,2011-09-25,2011-09-26
154,155,2011-09-26,2011-09-28
154,19,2011-09-28,2011-10-03
154,55,2011-10-03,2011-10-07
155,160,2021-02-10,2021-02-14
155,103,2021-02-14,2021-02-19
155,197,2021-02-19,2021-02-27
155,126,2021-02-27,2021-03-02
156,130,2008-04-15,2008-04-21
157,50,2019-10-17,2019-10-21
157,122,2019-10-21,2019-10-30
157,31,2019-10-30,2019-11-07
157,112,2019-11-07,2019-11-09
157,32,2019-11-09,2019-11-13
157,182,2019-11-13,2019-11-18
157,198,2019-11-18,2019-11-23
157,202,2019-11-23,2019-11-25
157,168,2019-11-25,2019-12-02
158,148,2016-04-27,2016-04-29
158,33,2016-04-29,2016-05-05
158,127,2016-05-05,2016-05-07
158,37,2016-05-07,2016-05-10
158,64,2016-05-10,2016-05-13
158,106,2016-05-13,2016-05-17
158,186,2016-05-17,2016-05-26
158,40,2016-05-26,2016-06-04
159,66,2014-07-11,2014-07-15
159,29,2014-07-15,2014-07-22
159,119,2014-07-22,2014-07-24
159,137,2014-07-24,2014-08-01
159,199,2014-08-01,2014-08-09
159,117,2014-08-09,2014-08-11
159,188,2014-08-11,2014-08-16
159,98,2014-08-16,2014-08-19
160,1,2018-10-14,2018-10-19
160,92,2018-10-19,2018-10-22
160,132,2018-10-22,2018-10-29
160,39,2018-10-29,2018-11-08
160,48,2018-11-08,2018-11-14
160,158,2018-11-14,2018-11-18
160,203,2018-11-18,2018-11-26
160,190,2018-11-26,2018-12-04
160,153,2018-12-04,2018-12-12
161,64,2013-10-06,2013-10-09
161,112,2013-10-09,2013-10-13
162,13,2022-12-27,2023-01-03
162,195,2023-01-03,2023-01-13
162,161,2023-01-13,2023-01-19
162,139,2023-01-19,2023-01-28
162,47,2023-01-28,2023-01-29
162,158,2023-01-29,2023-02-08
162,97,2023-02-08,2023-02-14
162,153,2023-02-14,2023-02-16
163,71,2010-08-25,2010-08-29
164,114,2018-01-09,2018-01-11
164,161,2018-01-11,2018-01-21
164,125,2018-01-21,2018-01-27
164,22,2018-01-27,2018-02-06
164,80,2018-02-06,2018-02-14
164,56,2018-02-14,2018-02-23
164,108,2018-02-23,2018-03-05
164,69,2018-03-05,2018-03-09
165,190,2016-02-15,2016-02-16
165,7,2016-02-16,2016-02-20
166,1,2017-09-01,2017-09-04
166,133,2017-09-04,2017-09-12
166,114,2017-09-12,2017-09-22
166,46,2017-09-22,2017-09-29
167,76,2016-02-06,2016-02-11
167,128,2016-02-11,2016-02-18
168,140,2018-10-12,2018-10-20
168,197,2018-10-20,2018-10-29
168,139,2018-10-29,2018-10-30
168,182,2018-10-30,2018-11-05
168,17,2018-11-05,2018-11-12
169,158,2010-02-25,2010-03-02
169,34,2010-03-02,2010-03-07
170,88,2020-04-18,2020-04-22
170,160,2020-04-22,2020-04-26
170,46,2020-04-26,2020-05-01
170,155,2020-05-01,2020-05-09
170,163,2020-05-09,2020-05-18
170,150,2020-05-18,2020-05-20
170,203,2020-05-20,2020-05-27
171,34,2012-06-14,2012-06-18
171,100,2012-06-18,2012-06-25
171,131,2012-06-25,2012-07-04
171,106,2012-07-04,2012-07-13
171,102,2012-07-13,2012-07-22
171,105,2012-07-22,2012-08-01
172,120,2010-09-01,2010-09-10
173,60,2014-04-11,2014-04-20
173,122,2014-04-20,2014-04-23
173,51,2014-04-23,2014-04-29
173,6,2014-04-29,2014-05-03
174,136,2017-12-07,2017-12-15
174,30,2017-12-15,2017-12-22
174,106,2017-12-22,2017-12-24
174,86,2017-12-24,2018-01-03
174,83,2018-01-03,2018-01-13
174,40,2018-01-13,2018-01-23
174,132,2018-01-23,2018-02-01
174,171,2018-02-01,2018-02-05
175,107,2015-12-20,2015-12-22
175,6,2015-12-22,2015-12-30
175,197,2015-12-30,2015-12-31
175,58,2015-12-31,2016-01-03
176,6,2015-06-03,2015-06-13
176,108,2015-06-13,2015-06-17
176,67,2015-06-17,2015-06-23
176,93,2015-06-23,2015-07-03
177,37,2017-11-21,2017-11-27
177,87,2017-11-27,2017-11-30
177,101,2017-11-30,2017-12-03
178,197,2015-07-14,2015-07-20
178,140,2015-07-20,2015-07-25
179,169,2012-03-25,2012-04-02
179,193,2012-04-02,2012-04-08
179,49,2012-04-08,2012-04-11
179,101,2012-04-11,2012-04-15
179,100,2012-04-15,2012-04-17
179,40,2012-04-17,2012-04-26
179,8,2012-04-26,2012-05-04
179,146,2012-05-04,2012-05-05
179,155,2012-05-05,2012-05-07
180,162,2018-04-18,2018-04-27
180,117,2018-04-27,2018-05-02
181,22,2018-06-21,2018-06-27
181,121,2018-06-27,2018-07-03
181,62,2018-07-03,2018-07-09
181,45,2018-07-09,2018-07-13
182,196,2011-09-07,2011-09-08
182,157,2011-09-08,2011-09-14
182,119,2011-09-14,2011-09-17
182,33,2011-09-17,2011-09-21
182,180,2011-09-21,2011-10-01
182,99,2011-10-01,2011-10-11
182,6,2011-10-11,2011-10-18
183,155,2021-01-02,2021-01-07
183,162,2021-01-07,2021-01-16
183,189,2021-01-16,2021-01-18
183,44,2021-01-18,2021-01-21
183,105,2021-01-21,2021-01-24
183,128,2021-01-24,2021-01-31
184,71,2011-07-14,2011-07-19
185,127,2019-07-20,2019-07-23
186,69,2013-01-30,2013-02-05
186,159,2013-02-05,2013-02-09
186,47,2013-02-09,2013-02-19
186,139,2013-02-19,2013-02-27
186,18,2013-02-27,2013-03-02
186,2,2013-03-02,2013-03-12
186,65,2013-03-12,2013-03-18
186,117,2013-03-18,2013-03-19
186,128,2013-03-19,2013-03-26
187,193,2009-03-18,2009-03-25
187,27,2009-03-25,2009-04-04
187,133,2009-04-04,2009-04-12
187,84,2009-04-12,2009-04-15
187,160,2009-04-15,2009-04-24
187,104,2009-04-24,2009-05-04
187,116,2009-05-04,2009-05-08
187,138,2009-05-08,2009-05-11
188,81,2017-03-04,2017-03-09
188,180,2017-03-09,2017-03-17
188,78,2017-03-17,2017-03-24
188,189,2017-03-24,2017-04-02
188,99,2017-04-02,2017-04-07
188,184,2017-04-07,2017-04-09
188,84,2017-04-09,2017-04-19
189,114,2008-09-03,2008-09-11
189,48,2008-09-11,2008-09-18
189,170,2008-09-18,2008-09-21
189,70,2008-09-21,2008-09-29
189,145,2008-09-29,2008-10-05
189,66,2008-10-05,2008-10-07
189,190,2008-10-07,2008-10-12
190,194,2014-07-15,2014-07-19
190,101,2014-07-19,2014-07-28
190,124,2014-07-28,2014-08-01
190,162,2014-08-01,2014-08-11
190,114,2014-08-11,2014-08-20
191,161,2014-09-04,2014-09-11
191,43,2014-09-11,2014-09-20
191,139,2014-09-20,2014-09-26
191,48,2014-09-26,2014-10-03
191,164,2014-10-03,2014-10-04
191,38,2014-10-04,2014-10-06
191,99,2014-10-06,2014-10-13
191,89,2014-10-13,2014-10-18
192,7,2012-08-05,2012-08-12
192,35,2012-08-12,2012-08-20
192,31,2012-08-20,2012-08-27
193,149,2008-11-16,2008-11-20
193,1,2008-11-20,2008-11-25
193,144,2008-11-25,2008-11-26
193,57,2008-11-26,2008-12-05
193,14,2008-12-05,2008-12-11
193,59,2008-12-11,2008-12-20
193,133,2008-12-20,2008-12-28
194,138,2014-10-20,2014-10-24
194,131,2014-10-24,2014-11-01
194,50,2014-11-01,2014-11-08
194,117,2014-11-08,2014-11-13
194,140,2014-11-13,2014-11-20
194,11,2014-11-20,2014-11-27
194,161,2014-11-27,2014-12-02
194,150,2014-12-02,2014-12-09
194,114,2014-12-09,2014-12-12
195,191,2014-12-29,2015-01-08
195,180,2015-01-08,2015-01-16
195,76,2015-01-16,2015-01-17
195,179,2015-01-17,2015-01-20
195,111,2015-01-20,2015-01-23
196,103,2021-01-22,2021-01-23
196,82,2021-01-23,2021-01-24
196,66,2021-01-24,2021-01-31
196,98,2021-01-31,2021-02-07
196,154,2021-02-07,2021-02-14
196,9,2021-02-14,2021-02-16
197,145,2010-08-20,2010-08-26
197,90,2010-08-26,2010-09-04
197,171,2010-09-04,2010-09-05
197,168,2010-09-05,2010-09-09
197,182,2010-09-09,2010-09-13
197,44,2010-09-13,2010-09-21
198,181,2019-07-15,2019-07-23
198,169,2019-07-23,2019-07-25
198,203,2019-07-25,2019-07-30
198,94,2019-07-30,2019-07-31
198,191,2019-07-31,2019-08-08
198,175,2019-08-08,2019-08-10
199,6,2019-10-10,2019-10-18
199,33,2019-10-18,2019-10-27
199,129,2019-10-27,2019-11-03
199,40,2019-11-03,2019-11-13
199,88,2019-11-13,2019-11-22
199,164,2019-11-22,2019-11-29
199,91,2019-11-29,2019-11-30
199,122,2019-11-30,2019-12-10
200,130,2017-10-02,2017-10-09
200,56,2017-10-09,2017-10-18
200,201,2017-10-18,2017-10-23
200,162,2017-10-23,2017-10-29
201,72,2009-05-09,2009-05-18
201,26,2009-05-18,2009-05-19
201,92,2009-05-19,2009-05-22
202,86,2014-11-04,2014-11-14
202,11,2014-11-14,2014-11-18
202,49,2014-11-18,2014-11-22
202,167,2014-11-22,2014-11-29
202,28,2014-11-29,2014-12-02
202,183,2014-12-02,2014-12-06
203,5,2011-06-18,2011-06-23
203,63,2011-06-23,2011-07-01
203,135,2011-07-01,2011-07-02
203,27,2011-07-02,2011-07-06
203,74,2011-07-06,2011-07-14
203,3,2011-07-14,2011-07-18
203,126,2011-07-18,2011-07-22
203,136,2011-07-22,2011-07-29
203,199,2011-07-29,2011-08-04
204,102,2008-11-26,2008-12-03
204,130,2008-12-03,2008-12-08
204,1,2008-12-08,2008-12-11
204,122,2008-12-11,2008-12-17
204,95,2008-12-17,2008-12-27
204,11,2008-12-27,2009-01-05
204,66,2009-01-05,2009-01-12
205,146,2016-10-04,2016-10-09
206,1,2016-05-25,2016-05-28
206,12,2016-05-28,2016-06-03
206,200,2016-06-03,2016-06-06
206,182,2016-06-06,2016-06-07
206,8,2016-06-07,2016-06-11
206,150,2016-06-11,2016-06-14
206,105,2016-06-14,2016-06-17
207,128,2021-09-10,2021-09-14
207,104,2021-09-14,2021-09-24
207,80,2021-09-24,2021-10-03
207,3,2021-10-03,2021-10-08
207,19,2021-10-08,2021-10-15
207,9,2021-10-15,2021-10-16
208,95,2012-07-18,2012-07-19
208,19,2012-07-19,2012-07-21
208,116,2012-07-21,2012-07-28
208,114,2012-07-28,2012-08-06
208,42,2012-08-06,2012-08-07
209,147,2010-06-17,2010-06-23
209,163,2010-06-23,2010-06-25
209,114,2010-06-25,2010-06-26
210,75,2019-05-13,2019-05-17
210,105,2019-05-17,2019-05-25
210,34,2019-05-25,2019-05-28
210,91,2019-05-28,2019-06-03
210,20,2019-06-03,2019-06-10
210,81,2019-06-10,2019-06-12
210,154,2019-06-12,2019-06-21
211,99,2009-03-25,2009-03-26
211,129,2009-03-26,2009-04-02
211,155,2009-04-02,2009-04-12
212,194,2019-04-03,2019-04-05
212,23,2019-04-05,2019-04-10
212,174,2019-04-10,2019-04-12
212,146,2019-04-12,2019-04-18
212,69,2019-04-18,2019-04-28
212,121,2019-04-28,2019-05-01
213,115,2015-04-02,2015-04-12
213,14,2015-04-12,2015-04-17
213,105,2015-04-17,2015-04-24
214,155,2013-10-31,2013-11-05
214,100,2013-11-05,2013-11-10
214,11,2013-11-10,2013-11-20
214,191,2013-11-20,2013-11-29
214,105,2013-11-29,2013-12-05
215,74,2022-11-17,2022-11-20
215,50,2022-11-20,2022-11-28
216,22,2014-06-13,2014-06-21
216,87,2014-06-21,2014-06-25
216,81,2014-06-25,2014-07-02
216,191,2014-07-02,2014-07-06
216,15,2014-07-06,2014-07-15
217,68,2019-02-24,2019-03-04
217,120,2019-03-04,2019-03-14
217,97,2019-03-14,2019-03-19
218,125,2010-01-11,2010-01-18
218,201,2010-01-18,2010-01-28
218,139,2010-01-28,2010-01-29
218,13,2010-01-29,2010-02-04
218,38,2010-02-04,2010-02-13
218,113,2010-02-13,2010-02-14
218,57,2010-02-14,2010-02-15
219,82,2008-04-17,2008-04-22
219,103,2008-04-22,2008-04-28
220,105,2009-05-19,2009-05-27
220,119,2009-05-27,2009-06-06
220,93,2009-06-06,2009-06-12
220,192,2009-06-12,2009-06-22
220,89,2009-06-22,2009-06-24
220,8,2009-06-24,2009-07-04
220,76,2009-07-04,2009-07-05
221,109,2014-04-11,2014-04-19
221,84,2014-04-19,2014-04-21
221,139,2014-04-21,2014-04-23
221,202,2014-04-23,2014-04-30
222,179,2012-03-03,2012-03-11
222,191,2012-03-11,2012-03-13
222,4,2012-03-13,2012-03-20
222,192,2012-03-20,2012-03-25
222,131,2012-03-25,2012-04-01
222,197,2012-04-01,2012-04-03
223,97,2016-03-16,2016-03-17
223,67,2016-03-17,2016-03-24
223,36,2016-03-24,2016-04-02
223,149,2016-04-02,2016-04-04
224,201,2020-11-02,2020-11-12
224,86,2020-11-12,2020-11-16
224,56,2020-11-16,2020-11-21
224,169,2020-11-21,2020-11-23
224,1,2020-11-23,2020-11-27
224,63,2020-11-27,2020-11-28
224,120,2020-11-28,2020-12-06
225,193,2010-08-22,2010-08-24
225,127,2010-08-24,2010-09-02
225,120,2010-09-02,2010-09-12
225,92,2010-09-12,2010-09-21
226,147,2012-01-27,2012-02-04
226,15,2012-02-04,2012-02-11
226,124,2012-02-11,2012-02-16
226,87,2012-02-16,2012-02-18
227,163,2015-10-09,2015-10-18
227,57,2015-10-18,2015-10-27
227,160,2015-10-27,2015-11-04
227,55,2015-11-04,2015-11-09
227,71,2015-11-09,2015-11-12
227,151,2015-11-12,2015-11-13
227,169,2015-11-13,2015-11-19
227,181,2015-11-19,2015-11-28
228,38,2011-12-17,2011-12-25
228,129,2011-12-25,2011-12-30
228,148,2011-12-30,2012-01-08
228,22,2012-01-08,2012-01-16
228,113,2012-01-16,2012-01-23
229,115,2015-12-04,2015-12-09
229,31,2015-12-09,2015-12-17
229,164,2015-12-17,2015-12-21
229,33,2015-12-21,2015-12-22
229,32,2015-12-22,2015-12-26
229,130,2015-12-26,2015-12-28
230,192,2011-08-21,2011-08-25
230,52,2011-08-25,2011-08-27
230,91,2011-08-27,2011-09-02
230,69,2011-09-02,2011-09-10
230,32,2011-09-10,2011-09-13
230,86,2011-09-13,2011-09-16
231,165,2011-12-19,2011-12-20
231,54,2011-12-20,2011-12-25
231,125,2011-12-25,2011-12-26
232,63,2009-10-16,2009-10-19
232,166,2009-10-19,2009-10-23
232,21,2009-10-23,2009-11-02
232,202,2009-11-02,2009-11-04
233,80,2019-01-12,2019-01-19
233,92,2019-01-19,2019-01-22
233,119,2019-01-22,2019-01-29
234,29,2016-06-22,2016-07-02
234,143,2016-07-02,2016-07-04
234,119,2016-07-04,2016-07-12
234,23,2016-07-12,2016-07-13
235,201,2009-02-25,2009-03-06
235,47,2009-03-06,2009-03-08
235,80,2009-03-08,2009-03-18
235,97,2009-03-18,2009-03-19
235,83,2009-03-19,2009-03-21
236,89,2008-01-17,2008-01-23
236,148,2008-01-23,2008-02-01
236,161,2008-02-01,2008-02-09
236,191,2008-02-09,2008-02-18
236,163,2008-02-18,2008-02-20
236,29,2008-02-20,2008-03-01
236,48,2008-03-01,2008-03-11
237,66,2016-06-17,2016-06-26
237,131,2016-06-26,2016-06-28
237,183,2016-06-28,2016-07-07
237,10,2016-07-07,2016-07-10
237,73,2016-07-10,2016-07-14
237,134,2016-07-14,2016-07-24
237,37,2016-07-24,2016-08-03
238,90,2009-08-19,2009-08-22
238,72,2009-08-22,2009-08-24
239,202,2020-08-21,2020-08-26
239,90,2020-08-26,2020-09-01
239,104,2020-09-01,2020-09-06
239,61,2020-09-06,2020-09-07
239,179,2020-09-07,2020-09-08
239,150,2020-09-08,2020-09-09
239,73,2020-09-09,2020-09-17
239,106,2020-09-17,2020-09-27
239,69,2020-09-27,2020-10-05
240,102,2012-11-21,2012-11-28
240,23,2012-11-28,2012-12-01
240,183,2012-12-01,2012-12-06
240,142,2012-12-06,2012-12-08
240,180,2012-12-08,2012-12-15
240,30,2012-12-15,2012-12-19
241,203,2008-08-18,2008-08-23
241,122,2008-08-23,2008-08-30
241,104,2008-08-30,2008-09-07
241,133,2008-09-07,2008-09-13
241,152,2008-09-13,2008-09-19
241,106,2008-09-19,2008-09-24
242,39,2017-02-08,2017-02-17
243,190,2013-11-25,2013-11-29
243,173,2013-11-29,2013-12-03
243,194,2013-12-03,2013-12-09
243,88,2013-12-09,2013-12-10
243,24,2013-12-10,2013-12-12
243,176,2013-12-12,2013-12-14
243,201,2013-12-14,2013-12-22
243,198,2013-12-22,2013-12-30
244,191,2022-11-11,2022-11-21
244,132,2022-11-21,2022-11-26
244,6,2022-11-26,2022-12-01
244,196,2022-12-01,2022-12-06
244,91,2022-12-06,2022-12-13
245,126,2021-03-24,2021-03-28
245,26,2021-03-28,2021-04-03
246,103,2011-12-13,2011-12-23
247,19,2013-09-13,2013-09-20
247,103,2013-09-20,2013-09-26
247,64,2013-09-26,2013-10-06
248,107,2009-11-11,2009-11-18
248,157,2009-11-18,2009-11-25
248,29,2009-11-25,2009-11-28
248,26,2009-11-28,2009-12-02
248,149,2009-12-02,2009-12-08
248,110,2009-12-08,2009-12-12
248,120,2009-12-12,2009-12-22
248,153,2009-12-22,2009-12-27
248,117,2009-12-27,2010-01-05
249,102,2014-06-29,2014-07-07
249,27,2014-07-07,2014-07-15
249,143,2014-07-15,2014-07-21
250,179,2020-08-07,2020-08-16
250,3,2020-08-16,2020-08-19
250,141,2020-08-19,2020-08-27
250,129,2020-08-27,2020-09-06
250,47,2020-09-06,2020-09-12
250,48,2020-09-12,2020-09-15
250,174,2020-09-15,2020-09-25
250,177,2020-09-25,2020-10-01
251,70,2017-05-13,2017-05-23
251,86,2017-05-23,2017-05-26
251,191,2017-05-26,2017-06-02
251,85,2017-06-02,2017-06-03
251,155,2017-06-03,2017-06-10
251,64,2017-06-10,2017-06-17
251,79,2017-06-17,2017-06-22
251,188,2017-06-22,2017-06-23
251,130,2017-06-23,2017-06-26
252,164,2018-07-15,2018-07-23
252,152,2018-07-23,2018-08-02
252,199,2018-08-02,2018-08-11
252,66,2018-08-11,2018-08-17
252,90,2018-08-17,2018-08-19
252,157,2018-08-19,2018-08-24
253,112,2017-11-28,2017-12-08
254,115,2018-10-17,2018-10-27
254,12,2018-10-27,2018-10-30
254,97,2018-10-30,2018-11-07
255,64,2015-11-05,2015-11-12
256,173,2009-02-09,2009-02-15
257,92,2018-08-01,2018-08-11
257,87,2018-08-11,2018-08-18
257,149,2018-08-18,2018-08-20
257,60,2018-08-20,2018-08-24
258,38,2020-11-05,2020-11-11
258,142,2020-11-11,2020-11-16
258,163,2020-11-16,2020-11-17
258,167,2020-11-17,2020-11-24
258,202,2020-11-24,2020-11-26
258,116,2020-11-26,2020-12-06
258,87,2020-12-06,2020-12-09
258,25,2020-12-09,2020-12-15
258,178,2020-12-15,2020-12-18
259,4,2014-03-30,2014-04-07
259,179,2014-04-07,2014-04-17
259,21,2014-04-17,2014-04-22
259,30,2014-04-22,2014-04-25
259,125,2014-04-25,2014-05-03
260,28,2021-08-04,2021-08-12
260,95,2021-08-12,2021-08-19
260,191,2021-08-19,2021-08-28
260,193,2021-08-28,2021-09-05
260,198,2021-09-05,2021-09-07
260,168,2021-09-07,2021-09-11
260,107,2021-09-11,2021-09-21
260,3,2021-09-21,2021-09-28
261,202,2013-10-25,2013-10-27
261,39,2013-10-27,2013-11-04
261,176,2013-11-04,2013-11-11
261,73,2013-11-11,2013-11-15
261,125,2013-11-15,2013-11-24
261,136,2013-11-24,2013-11-26
262,34,2013-01-16,2013-01-23
263,30,2015-09-15,2015-09-16
263,195,2015-09-16,2015-09-25
263,26,2015-09-25,2015-10-03
263,183,2015-10-03,2015-10-04
263,13,2015-10-04,2015-10-06
263,50,2015-10-06,2015-10-14
263,113,2015-10-14,2015-10-22
263,172,2015-10-22,2015-10-28
264,187,2013-08-08,2013-08-10
264,124,2013-08-10,2013-08-17
264,79,2013-08-17,2013-08-25
264,115,2013-08-25,2013-08-30
264,35,2013-08-30,2013-09-08
264,133,2013-09-08,2013-09-14
264,169,2013-09-14,2013-09-19
265,197,2009-07-15,2009-07-21
265,81,2009-07-21,2009-07-30
265,103,2009-07-30,2009-08-04
265,133,2009-08-04,2009-08-09
266,65,2022-03-08,2022-03-13
267,156,2017-04-11,2017-04-14
267,53,2017-04-14,2017-04-22
267,38,2017-04-22,2017-04-23
267,56,2017-04-23,2017-04-27
267,62,2017-04-27,2017-04-29
267,181,2017-04-29,2017-05-05
267,105,2017-05-05,2017-05-06
267,138,2017-05-06,2017-05-09
268,118,2015-04-18,2015-04-27
268,85,2015-04-27,2015-04-30
268,18,2015-04-30,2015-05-06
268,74,2015-05-06,2015-05-11
268,37,2015-05-11,2015-05-15
268,76,2015-05-15,2015-05-19
269,51,2019-03-03,2019-03-07
269,123,2019-03-07,2019-03-08
269,176,2019-03-08,2019-03-14
269,129,2019-03-14,2019-03-16
269,121,2019-03-16,2019-03-18
269,174,2019-03-18,2019-03-27
269,97,2019-03-27,2019-04-03
269,34,2019-04-03,2019-04-13
270,25,2018-12-15,2018-12-16
270,86,2018-12-16,2018-12-23
270,74,2018-12-23,2018-12-31
270,141,2018-12-31,2019-01-01
270,173,2019-01-01,2019-01-03
270,61,2019-01-03,2019-01-11
270,24,2019-01-11,2019-01-17
271,163,2017-07-06,2017-07-08
271,149,2017-07-08,2017-07-13
271,71,2017-07-13,2017-07-16
271,10,2017-07-16,2017-07-19
271,132,2017-07-19,2017-07-20
271,9,2017-07-20,2017-07-23
271,137,2017-07-23,2017-07-26
272,42,2014-03-05,2014-03-09
272,146,2014-03-09,2014-03-14
272,52,2014-03-14,2014-03-18
272,57,2014-03-18,2014-03-21
272,79,2014-03-21,2014-03-29
272,128,2014-03-29,2014-04-03
272,164,2014-04-03,2014-04-04
272,64,2014-04-04,2014-04-12
273,79,2008-05-18,2008-05-21
273,65,2008-05-21,2008-05-24
274,199,2009-05-15,2009-05-21
274,89,2009-05-21,2009-05-24
274,193,2009-05-24,2009-05-29
274,162,2009-05-29,2009-06-06
274,121,2009-06-06,2009-06-08
275,86,2010-04-16,2010-04-19
275,105,2010-04-19,2010-04-27
275,199,2010-04-27,2010-05-04
275,91,2010-05-04,2010-05-06
275,104,2010-05-06,2010-05-16
275,112,2010-05-16,2010-05-23
276,27,2021-08-15,2021-08-17
276,139,2021-08-17,2021-08-18
276,72,2021-08-18,2021-08-22
276,30,2021-08-22,2021-08-31
276,90,2021-08-31,2021-09-07
276,92,2021-09-07,2021-09-11
276,67,2021-09-11,2021-09-12
276,56,2021-09-12,2021-09-18
277,88,2013-06-25,2013-07-04
277,65,2013-07-04,2013-07-10
277,158,2013-07-10,2013-07-19
277,157,2013-07-19,2013-07-20
277,46,2013-07-20,2013-07-28
277,190,2013-07-28,2013-08-03
278,45,2014-03-05,2014-03-12
279,116,2014-10-24,2014-10-29
279,199,2014-10-29,2014-11-05
279,101,2014-11-05,2014-11-10
279,198,2014-11-10,2014-11-14
279,145,2014-11-14,2014-11-15
279,167,2014-11-15,2014-11-23
279,43,2014-11-23,2014-11-26
280,8,2009-05-08,2009-05-13
280,77,2009-05-13,2009-05-23
280,11,2009-05-23,2009-05-27
281,22,2012-09-23,2012-09-30
281,185,2012-09-30,2012-10-04
281,117,2012-10-04,2012-10-05
281,112,2012-10-05,2012-10-12
281,32,2012-10-12,2012-10-16
281,187,2012-10-16,2012-10-20
281,131,2012-10-20,2012-10-26
281,133,2012-10-26,2012-11-04
281,126,2012-11-04,2012-11-09
282,154,2020-07-21,2020-07-22
282,21,2020-07-22,2020-08-01
282,105,2020-08-01,2020-08-05
282,155,2020-08-05,2020-08-07
282,186,2020-08-07,2020-08-16
282,179,2020-08-16,2020-08-23
282,199,2020-08-23,2020-08-29
282,56,2020-08-29,2020-09-07
282,134,2020-09-07,2020-09-14
283,57,2015-06-27,2015-07-04
283,170,2015-07-04,2015-07-13
283,86,2015-07-13,2015-07-22
283,59,2015-07-22,2015-07-26
283,40,2015-07-26,2015-08-04
283,96,2015-08-04,2015-08-11
284,43,2009-02-10,2009-02-12
284,54,2009-02-12,2009-02-14
285,24,2019-01-12,2019-01-19
285,46,2019-01-19,2019-01-28
286,123,2010-12-03,2010-12-13
286,4,2010-12-13,2010-12-18
287,4,2018-09-20,2018-09-23
287,172,2018-09-23,2018-09-30
287,131,2018-09-30,2018-10-04
287,19,2018-10-04,2018-10-14
287,92,2018-10-14,2018-10-22
288,123,2011-01-13,2011-01-23
288,98,2011-01-23,2011-01-30
288,159,2011-01-30,2011-02-07
288,157,2011-02-07,2011-02-17
289,172,2011-12-06,2011-12-11
289,193,2011-12-11,2011-12-15
289,189,2011-12-15,2011-12-24
289,29,2011-12-24,2011-12-29
289,124,2011-12-29,2012-01-07
289,93,2012-01-07,2012-01-09
290,26,2020-11-20,2020-11-28
290,160,2020-11-28,2020-11-30
290,56,2020-11-30,2020-12-03
290,62,2020-12-03,2020-12-08
290,128,2020-12-08,2020-12-11
291,133,2012-02-28,2012-02-29
291,112,2012-02-29,2012-03-02
291,10,2012-03-02,2012-03-05
291,196,2012-03-05,2012-03-10
291,65,2012-03-10,2012-03-14
292,34,2012-08-26,2012-08-31
292,92,2012-08-31,2012-09-09
292,49,2012-09-09,2012-09-13
292,154,2012-09-13,2012-09-16
292,33,2012-09-16,2012-09-18
292,124,2012-09-18,2012-09-28
292,181,2012-09-28,2012-10-02
292,160,2012-10-02,2012-10-04
292,70,2012-10-04,2012-10-07
293,115,2010-07-12,2010-07-22
293,22,2010-07-22,2010-07-29
293,167,2010-07-29,2010-08-01
294,12,2019-05-27,2019-06-01
294,114,2019-06-01,2019-06-02
294,73,2019-06-02,2019-06-10
294,179,2019-06-10,2019-06-15
294,138,2019-06-15,2019-06-21
294,116,2019-06-21,2019-07-01
295,14,2017-01-08,2017-01-13
