user_id,firstname,lastname
1,John,Doe
2,Jane,Smith
3,Michael,Johnson
4,Emily,Williams
5,Robert,Brown
6,Sarah,Lee
7,David,Anderson
8,Linda,Thomas
9,William,Hall
10,Patricia,White
11,Christopher,Moore
12,Mary,Wilson
13,James,Evans
14,Susan,Harris
15,Matthew,Martin
16,Karen,Clark
17,Andrew,Lewis
18,Maria,Hall
19,Thomas,Robinson
20,Laura,Young
21,Joseph,Wright
22,Elizabeth,King
23,Daniel,Hill
24,Patricia,Green
25,Charles,Adams
26,Laura,Wilson
27,John,Smith
28,Emily,Moore
29,Michael,Davis
30,Susan,Miller
31,David,Jones
32,Elizabeth,Brown
33,Christopher,Clark
34,Joseph,Hall
35,Karen,Thomas
36,William,Lewis
37,Anna,Johnson
38,David,Davis
39,Mary,White
40,Andrew,Miller
41,Elizabeth,Smith
42,Robert,Anderson
43,Sarah,Wright
44,John,Wilson
45,Emily,Moore
46,Joseph,Thomas
47,James,Adams
48,Patricia,Clark
49,Michael,Evans
50,Linda,Brown
51,Emily,Moore
52,William,Walker
53,Charlotte,Hall
54,James,Allen
55,Grace,Wright
56,Benjamin,White
57,Lily,King
58,Daniel,Baker
59,Olivia,Green
60,Henry,Harris